Name,playerid,tot,Pos,rep,PAR,p
Gerrit Cole,13125,1184.1,SP,485.6,698.5,79.215
Mike Trout,10155,1275.1,OF,581.32,693.78,78.68
Jacob deGrom,10954,1142.0,SP,485.6,656.4,74.441
Max Scherzer,3137,1098.78,SP,485.6,613.18,69.539
Justin Verlander,8700,1096.24,SP,485.6,610.64,69.251
Christian Yelich,11477,1150.02,OF,581.32,568.7,64.495
Juan Soto,20123,1135.76,OF,581.32,554.44,62.878
Cody Bellinger,15998,1133.94,OF,581.32,552.62,62.671
Mookie Betts,13611,1101.58,OF,581.32,520.26,59.001
Chris Sale,10603,1000.78,SP,485.6,515.18,58.425
Alex Bregman,17678,1088.24,SS,593.2,495.04,56.141
Walker Buehler,19374,976.6,SP,485.6,491.0,55.683
Jack Flaherty,17479,974.54,SP,485.6,488.94,55.449
Stephen Strasburg,10131,973.46,SP,485.6,487.86,55.327
Shane Bieber,19427,972.8,SP,485.6,487.2,55.252
Cody Bellinger,15998,1133.94,1B,656.52,477.42,54.143
J.D. Martinez,6184,1056.38,OF,581.32,475.06,53.875
Ronald Acuna Jr.,18401,1054.18,OF,581.32,472.86,53.626
Charlie Morton,4676,946.72,SP,485.6,461.12,52.294
Bryce Harper,11579,1040.1,OF,581.32,458.78,52.029
Aaron Nola,16149,942.06,SP,485.6,456.46,51.766
Yasmani Grandal,11368,737.12,C,285.86,451.26,51.176
J.T. Realmuto,11739,728.72,C,285.86,442.86,50.224
Noah Syndergaard,11762,921.8,SP,485.6,436.2,49.468
Trevor Bauer,12703,921.24,SP,485.6,435.64,49.405
Francisco Lindor,12916,1014.76,SS,593.2,421.56,47.808
Patrick Corbin,9323,904.72,SP,485.6,419.12,47.531
Freddie Freeman,5361,1072.4,1B,656.52,415.88,47.164
Trevor Story,12564,1003.5,SS,593.2,410.3,46.531
Blake Snell,13543,893.8,SP,485.6,408.2,46.293
Luis Castillo,15689,881.42,SP,485.6,395.82,44.889
Mike Clevinger,12808,881.1,SP,485.6,395.5,44.853
Aaron Judge,15640,974.18,OF,581.32,392.86,44.553
Clayton Kershaw,2036,878.08,SP,485.6,392.48,44.51
Giancarlo Stanton,4949,971.1,OF,581.32,389.78,44.204
Kris Bryant,15429,970.02,OF,581.32,388.7,44.081
Yu Darvish,13074,870.22,SP,485.6,384.62,43.619
Yordan Alvarez,19556,961.22,OF,581.32,379.9,43.083
Lucas Giolito,15474,852.36,SP,485.6,366.76,41.593
Gary Sanchez,11442,649.02,C,285.86,363.16,41.185
George Springer,12856,942.24,OF,581.32,360.92,40.931
Xander Bogaerts,12161,952.34,SS,593.2,359.14,40.729
Charlie Blackmon,7859,938.58,OF,581.32,357.26,40.516
Manny Machado,11493,950.06,SS,593.2,356.86,40.471
Lance Lynn,2520,829.44,SP,485.6,343.84,38.994
Anthony Rizzo,3473,996.62,1B,656.52,340.1,38.57
Ketel Marte,13613,921.4,OF,581.32,340.08,38.568
Eduardo Rodriguez,13164,825.3,SP,485.6,339.7,38.524
Jose Altuve,5417,932.24,2B,593.2,339.04,38.45
Ozzie Albies,16556,923.34,2B,593.2,330.14,37.44
Ketel Marte,13613,921.4,2B,593.2,328.2,37.22
Ketel Marte,13613,921.4,SS,593.2,328.2,37.22
Jose Berrios,14168,802.38,SP,485.6,316.78,35.925
Trea Turner,16252,909.38,SS,593.2,316.18,35.857
Mike Soroka,18383,799.8,SP,485.6,314.2,35.633
Gleyber Torres,16997,903.64,SS,593.2,310.44,35.206
Gleyber Torres,16997,903.64,2B,593.2,310.44,35.206
Michael Conforto,16376,890.48,OF,581.32,309.16,35.061
German Marquez,15038,794.14,SP,485.6,308.54,34.991
Zack Greinke,1943,793.62,SP,485.6,308.02,34.932
Zack Wheeler,10310,790.22,SP,485.6,304.62,34.546
Nolan Arenado,9777,1097.54,3B,796.44,301.1,34.147
Peter Alonso,19251,956.94,1B,656.52,300.42,34.07
Marcell Ozuna,10324,881.68,OF,581.32,300.36,34.063
Jorge Soler,14221,879.32,OF,581.32,298.0,33.795
Sonny Gray,12768,781.42,SP,485.6,295.82,33.548
Alex Bregman,17678,1088.24,3B,796.44,291.8,33.092
Paul Goldschmidt,9218,947.5,1B,656.52,290.98,32.999
Brandon Woodruff,16162,776.38,SP,485.6,290.78,32.977
Joey Gallo,14128,869.76,OF,581.32,288.44,32.711
Tyler Glasnow,14374,772.24,SP,485.6,286.64,32.507
Max Fried,13743,769.72,SP,485.6,284.12,32.221
Robbie Ray,11486,768.8,SP,485.6,283.2,32.117
Rhys Hoskins,16472,938.38,1B,656.52,281.86,31.965
Chris Paddack,20099,765.98,SP,485.6,280.38,31.797
Trey Mancini,15149,861.46,OF,581.32,280.14,31.77
Josh Hader,14212,561.3,RP,281.76,279.54,31.702
Corey Kluber,2429,764.88,SP,485.6,279.28,31.672
Marcus Semien,12533,870.68,SS,593.2,277.48,31.468
Eloy Jimenez,17484,858.16,OF,581.32,276.84,31.396
Matthew Boyd,15440,760.4,SP,485.6,274.8,31.164
Willson Contreras,11609,558.68,C,285.86,272.82,30.94
Tommy Pham,2967,853.86,OF,581.32,272.54,30.908
Carlos Correa,14162,864.08,SS,593.2,270.88,30.72
Nicholas Castellanos,11737,851.7,OF,581.32,270.38,30.663
Josh Bell,13145,926.62,1B,656.52,270.1,30.631
Marcus Stroman,13431,751.16,SP,485.6,265.56,30.116
Javier Baez,12979,857.84,SS,593.2,264.64,30.012
Kyle Schwarber,16478,838.84,OF,581.32,257.52,29.205
Buster Posey,9166,541.14,C,285.86,255.28,28.951
Starling Marte,9241,828.38,OF,581.32,247.06,28.018
Mike Moustakas,4892,838.64,2B,593.2,245.44,27.835
Jon Gray,14916,730.28,SP,485.6,244.68,27.748
Max Kepler,12144,825.68,OF,581.32,244.36,27.712
Keston Hiura,20003,837.22,2B,593.2,244.02,27.674
Andrew Benintendi,17901,824.7,OF,581.32,243.38,27.601
Jeff McNeil,15362,824.16,OF,581.32,242.84,27.54
Carlos Carrasco,6632,727.5,SP,485.6,241.9,27.433
Frankie Montas,14309,725.36,SP,485.6,239.76,27.191
Eddie Rosario,12155,818.42,OF,581.32,237.1,26.889
Matt Olson,14344,892.78,1B,656.52,236.26,26.794
Austin Meadows,15672,815.76,OF,581.32,234.44,26.587
Dinelson Lamet,17186,719.84,SP,485.6,234.24,26.565
Liam Hendriks,3548,514.92,RP,281.76,233.16,26.442
Carlos Santana,2396,888.24,1B,656.52,231.72,26.279
Jeff McNeil,15362,824.16,2B,593.2,230.96,26.193
Mike Minor,10021,714.78,SP,485.6,229.18,25.991
Jorge Polanco,13152,820.8,SS,593.2,227.6,25.811
Kyle Hendricks,12049,713.16,SP,485.6,227.56,25.807
Mitch Garver,15161,512.9,C,285.86,227.04,25.748
Edwin Diaz,14710,506.26,RP,281.76,224.5,25.46
Andrew Heaney,15423,709.9,SP,485.6,224.3,25.437
Max Muncy,13301,816.56,2B,593.2,223.36,25.331
Fernando Tatis Jr.,19709,816.2,SS,593.2,223.0,25.29
Chris Archer,6345,707.42,SP,485.6,221.82,25.156
Whit Merrifield,11281,802.62,OF,581.32,221.3,25.097
Eduardo Escobar,6153,813.7,2B,593.2,220.5,25.006
Joe Musgrove,12970,705.8,SP,485.6,220.2,24.972
Wilson Ramos,1433,505.8,C,285.86,219.94,24.943
Hyun-Jin Ryu,14444,702.74,SP,485.6,217.14,24.625
Corey Seager,13624,808.76,SS,593.2,215.56,24.446
Will Smith,19197,498.26,C,285.86,212.4,24.088
DJ LeMahieu,9874,805.54,2B,593.2,212.34,24.081
Franmil Reyes,14566,792.86,OF,581.32,211.54,23.99
Aroldis Chapman,10233,491.54,RP,281.76,209.78,23.791
Whit Merrifield,11281,802.62,2B,593.2,209.42,23.75
Michael Brantley,4106,789.84,OF,581.32,208.52,23.648
Paul DeJong,18015,799.9,SS,593.2,206.7,23.441
Jose Abreu,15676,862.16,1B,656.52,205.64,23.321
Trey Mancini,15149,861.46,1B,656.52,204.94,23.242
James Paxton,11828,689.76,SP,485.6,204.16,23.153
Madison Bumgarner,5524,689.64,SP,485.6,204.04,23.14
Carson Kelly,13620,489.48,C,285.86,203.62,23.092
Kirby Yates,9073,483.77,RP,281.76,202.01,22.909
Dallas Keuchel,9434,686.34,SP,485.6,200.74,22.765
Joey Lucchesi,19320,684.58,SP,485.6,198.98,22.566
Adam Eaton,11205,780.0,OF,581.32,198.68,22.532
Bryan Reynolds,19326,776.04,OF,581.32,194.72,22.083
Zac Gallen,19291,676.8,SP,485.6,191.2,21.683
Jose Ramirez,13510,980.44,3B,796.44,184.0,20.867
Miles Mikolas,9803,668.36,SP,485.6,182.76,20.726
Christian Vazquez,9774,466.2,C,285.86,180.34,20.452
Bo Bichette,19612,773.3,SS,593.2,180.1,20.425
Rafael Devers,17350,976.18,3B,796.44,179.74,20.384
Jake Odorizzi,6397,664.66,SP,485.6,179.06,20.307
Jose Quintana,11423,664.4,SP,485.6,178.8,20.277
Joey Votto,4314,835.22,1B,656.52,178.7,20.266
Taylor Rogers,13449,460.14,RP,281.76,178.38,20.23
David Price,3184,662.98,SP,485.6,177.38,20.116
Kenta Maeda,18498,661.72,SP,485.6,176.12,19.973
Victor Robles,18363,755.84,OF,581.32,174.52,19.792
Andrew McCutchen,9847,755.68,OF,581.32,174.36,19.774
Brian Anderson,18289,755.24,OF,581.32,173.92,19.724
Kris Bryant,15429,970.02,3B,796.44,173.58,19.685
Anthony Rendon,12861,969.98,3B,796.44,173.54,19.681
Yadier Molina,7007,457.48,C,285.86,171.62,19.463
Ken Giles,12910,451.05,RP,281.76,169.29,19.199
Jose Leclerc,14524,449.47,RP,281.76,167.71,19.02
Roberto Osuna,13764,448.88,RP,281.76,167.12,18.953
Brad Hand,9111,446.72,RP,281.76,164.96,18.708
Sandy Alcantara,18684,650.06,SP,485.6,164.46,18.651
Masahiro Tanaka,15764,647.4,SP,485.6,161.8,18.349
Jorge Alfaro,12180,447.62,C,285.86,161.76,18.345
Omar Narvaez,13338,447.06,C,285.86,161.2,18.281
Kenley Jansen,3096,441.96,RP,281.76,160.2,18.168
Max Muncy,13301,816.56,1B,656.52,160.04,18.15
Shin-Soo Choo,3174,741.02,OF,581.32,159.7,18.111
Jean Segura,5933,752.64,SS,593.2,159.44,18.082
Marco Gonzales,15467,644.54,SP,485.6,158.94,18.025
Manny Machado,11493,950.06,3B,796.44,153.62,17.422
Caleb Smith,14875,636.94,SP,485.6,151.34,17.163
Mike Foltynewicz,10811,635.54,SP,485.6,149.94,17.004
Francisco Mejia,16403,435.42,C,285.86,149.56,16.961
Jonathan Villar,10071,742.72,SS,593.2,149.52,16.957
Jonathan Villar,10071,742.72,2B,593.2,149.52,16.957
DJ LeMahieu,9874,805.54,1B,656.52,149.02,16.9
Brandon Workman,11428,429.92,RP,281.76,148.16,16.802
Travis d'Arnaud,7739,433.02,C,285.86,147.16,16.689
Yasiel Puig,14225,728.48,OF,581.32,147.16,16.689
Hector Neris,11804,428.77,RP,281.76,147.01,16.672
Archie Bradley,12918,427.58,RP,281.76,145.82,16.537
David Peralta,2136,726.34,OF,581.32,145.02,16.446
Kurt Suzuki,8259,430.64,C,285.86,144.78,16.419
Steven Matz,13361,629.12,SP,485.6,143.52,16.276
Hunter Dozier,15117,724.78,OF,581.32,143.46,16.269
Miguel Sano,12164,796.44,1B,656.52,139.92,15.868
Mark Canha,11445,721.22,OF,581.32,139.9,15.866
Brad Keller,15734,625.34,SP,485.6,139.74,15.848
Ramon Laureano,17128,720.2,OF,581.32,138.88,15.75
Lorenzo Cain,9077,720.02,OF,581.32,138.7,15.73
Justin Upton,5222,719.58,OF,581.32,138.26,15.68
Tim Anderson,15172,730.56,SS,593.2,137.36,15.578
Raisel Iglesias,17130,418.34,RP,281.76,136.58,15.489
Robinson Chirinos,3142,421.78,C,285.86,135.92,15.414
Emilio Pagan,14771,417.54,RP,281.76,135.78,15.398
Giovanny Gallegos,14986,417.12,RP,281.76,135.36,15.351
Craig Kimbrel,6655,416.18,RP,281.76,134.42,15.244
Joshua James,16794,416.04,RP,281.76,134.28,15.228
Kyle Gibson,10123,615.36,SP,485.6,129.76,14.716
Jakob Junis,13619,613.94,SP,485.6,128.34,14.555
Rick Porcello,2717,607.92,SP,485.6,122.32,13.872
Adrian Houser,12718,607.5,SP,485.6,121.9,13.824
Willie Calhoun,17838,702.82,OF,581.32,121.5,13.779
Eugenio Suarez,12552,916.22,3B,796.44,119.78,13.584
Yuli Gurriel,19198,776.16,1B,656.52,119.64,13.568
Joe Jimenez,15761,400.54,RP,281.76,118.78,13.471
Josh Donaldson,5038,912.5,3B,796.44,116.06,13.162
Mitch Keller,17594,601.08,SP,485.6,115.48,13.096
David Dahl,13744,696.54,OF,581.32,115.22,13.067
Dylan Bundy,12917,600.38,SP,485.6,114.78,13.017
Cole Hamels,4972,597.32,SP,485.6,111.72,12.67
Jeff Samardzija,3254,596.44,SP,485.6,110.84,12.57
Pablo Lopez,17085,595.46,SP,485.6,109.86,12.459
Lourdes Gurriel Jr.,19238,689.0,OF,581.32,107.68,12.212
Cesar Hernandez,10556,700.68,2B,593.2,107.48,12.189
Amed Rosario,15518,699.42,SS,593.2,106.22,12.046
Matt Barnes,12863,384.81,RP,281.76,103.05,11.687
Matt Chapman,16505,898.92,3B,796.44,102.48,11.622
Spencer Turnbull,16207,587.78,SP,485.6,102.18,11.588
Nick Anderson,18337,383.3,RP,281.76,101.54,11.515
Cavan Biggio,19252,682.5,OF,581.32,101.18,11.475
Luis Arraez,18568,681.38,OF,581.32,100.06,11.348
Dakota Hudson,19206,585.64,SP,485.6,100.04,11.345
James McCann,12859,385.36,C,285.86,99.5,11.284
Ryan Braun,3410,678.16,OF,581.32,96.84,10.982
Kole Calhoun,11200,678.06,OF,581.32,96.74,10.971
Nomar Mazara,14553,677.86,OF,581.32,96.54,10.948
Jon Lester,4930,581.78,SP,485.6,96.18,10.908
Lourdes Gurriel Jr.,19238,689.0,2B,593.2,95.8,10.864
Joc Pederson,11899,675.82,OF,581.32,94.5,10.717
Mark Melancon,4264,376.22,RP,281.76,94.46,10.712
Roberto Perez,2900,380.22,C,285.86,94.36,10.701
Shaun Anderson,19453,376.01,RP,281.76,94.25,10.689
Elvis Andrus,8709,687.2,SS,593.2,94.0,10.66
Didi Gregorius,6012,686.64,SS,593.2,93.44,10.597
Edwin Encarnacion,2151,749.84,1B,656.52,93.32,10.583
Randal Grichuk,10243,673.3,OF,581.32,91.98,10.431
Seth Lugo,12447,373.08,RP,281.76,91.32,10.356
Will Smith,8048,372.4,RP,281.76,90.64,10.279
Tucker Barnhart,10200,376.02,C,285.86,90.16,10.225
Mychal Givens,10430,371.38,RP,281.76,89.62,10.164
Cavan Biggio,19252,682.5,2B,593.2,89.3,10.127
Danny Duffy,3542,574.86,SP,485.6,89.26,10.123
Mike Zunino,13265,374.52,C,285.86,88.66,10.055
Sean Doolittle,1581,370.13,RP,281.76,88.37,10.022
Luis Arraez,18568,681.38,2B,593.2,88.18,10.0
Jose Urquidy,18413,572.84,SP,485.6,87.24,9.894
Willy Adames,15986,680.34,SS,593.2,87.14,9.882
Ryan McMahon,15112,680.2,2B,593.2,87.0,9.866
Tanner Roark,8753,572.14,SP,485.6,86.54,9.814
Reynaldo Lopez,16400,571.46,SP,485.6,85.86,9.737
Dansby Swanson,18314,678.5,SS,593.2,85.3,9.674
Kevin Gausman,14107,570.78,SP,485.6,85.18,9.66
Ryne Stanek,15947,366.33,RP,281.76,84.57,9.591
Alex Colome,6661,364.67,RP,281.76,82.91,9.403
Hansel Robles,11801,364.59,RP,281.76,82.83,9.394
Anthony DeSclafani,13050,567.56,SP,485.6,81.96,9.295
Rougned Odor,12282,674.66,2B,593.2,81.46,9.238
Yasmani Grandal,11368,737.12,1B,656.52,80.6,9.141
Danny Jansen,16535,365.82,C,285.86,79.96,9.068
Brandon Belt,10264,660.94,OF,581.32,79.62,9.029
Carlos Martinez,11682,562.53,SP,485.6,76.93,8.724
Eric Hosmer,3516,733.28,1B,656.52,76.76,8.705
Ian Kennedy,6986,358.17,RP,281.76,76.41,8.665
Tom Murphy,13499,362.14,C,285.86,76.28,8.651
Diego Castillo,17496,357.81,RP,281.76,76.05,8.625
Starlin Castro,4579,669.02,2B,593.2,75.82,8.599
Avisail Garcia,5760,656.1,OF,581.32,74.78,8.481
Jackie Bradley Jr.,12984,655.54,OF,581.32,74.22,8.417
Julio Urias,14765,558.5,SP,485.6,72.9,8.267
Griffin Canning,19867,558.42,SP,485.6,72.82,8.258
Martin Perez,6902,558.18,SP,485.6,72.58,8.231
Alex Verdugo,17027,653.66,OF,581.32,72.34,8.204
Tony Wolters,11470,357.42,C,285.86,71.56,8.115
Brandon Lowe,18882,664.72,2B,593.2,71.52,8.111
Trent Grisham,18564,651.62,OF,581.32,70.3,7.973
Mike Leake,10130,555.74,SP,485.6,70.14,7.954
Ryan Pressly,7005,351.85,RP,281.76,70.09,7.949
Hunter Renfroe,15464,650.98,OF,581.32,69.66,7.9
Vladimir Guerrero Jr.,19611,865.96,3B,796.44,69.52,7.884
Hunter Dozier,15117,724.78,1B,656.52,68.26,7.741
Scott Oberg,13911,346.64,RP,281.76,64.88,7.358
Mark Canha,11445,721.22,1B,656.52,64.7,7.337
Yan Gomes,9627,347.6,C,285.86,61.74,7.002
Corey Dickerson,10762,642.76,OF,581.32,61.44,6.968
Chad Green,15552,342.89,RP,281.76,61.13,6.933
Ty Buttrey,14719,342.72,RP,281.76,60.96,6.913
Jason Heyward,4940,641.76,OF,581.32,60.44,6.854
Keone Kela,14696,342.16,RP,281.76,60.4,6.85
Chance Sisco,15694,346.16,C,285.86,60.3,6.838
Freddy Peralta,18679,544.06,SP,485.6,58.46,6.63
Jason Castro,8722,343.48,C,285.86,57.62,6.535
Jake Arrieta,4153,542.0,SP,485.6,56.4,6.396
Trevor Williams,16977,541.22,SP,485.6,55.62,6.308
Brandon Nimmo,12927,636.86,OF,581.32,55.54,6.299
Andres Munoz,20373,337.18,RP,281.76,55.42,6.285
Kyle Crick,13182,337.09,RP,281.76,55.33,6.275
Dexter Fowler,4062,636.56,OF,581.32,55.24,6.265
Kolten Wong,12532,647.86,2B,593.2,54.66,6.199
Byron Buxton,14161,635.3,OF,581.32,53.98,6.122
Luke Weaver,16918,537.82,SP,485.6,52.22,5.922
Anthony Santander,14551,632.88,OF,581.32,51.56,5.847
Adalberto Mondesi,13769,644.26,SS,593.2,51.06,5.791
Tyler Flowers,9134,336.04,C,285.86,50.18,5.691
Nick Ahmed,12147,643.2,SS,593.2,50.0,5.67
Chris Bassitt,12304,535.0,SP,485.6,49.4,5.602
Yoan Moncada,17232,843.74,3B,796.44,47.3,5.364
Merrill Kelly,11156,532.6,SP,485.6,47.0,5.33
Jonathan Schoop,11265,638.2,2B,593.2,45.0,5.103
Mitch Haniger,14274,625.94,OF,581.32,44.62,5.06
Matt Strahm,13799,325.8,RP,281.76,44.04,4.994
Framber Valdez,17295,325.52,RP,281.76,43.76,4.963
Yusei Kikuchi,20633,528.84,SP,485.6,43.24,4.904
Jake Diekman,5003,324.75,RP,281.76,42.99,4.875
Mike Moustakas,4892,838.64,3B,796.44,42.2,4.786
Aristides Aquino,15482,623.38,OF,581.32,42.06,4.77
Tyler Duffey,13758,323.71,RP,281.76,41.95,4.757
Andrew Chafin,12988,323.16,RP,281.76,41.4,4.695
Dylan Cease,18525,526.22,SP,485.6,40.62,4.607
Gregory Polanco,12907,621.42,OF,581.32,40.1,4.548
Tommy Kahnle,11384,321.83,RP,281.76,40.07,4.544
Andrew Miller,6785,321.65,RP,281.76,39.89,4.524
Oscar Mercado,16375,620.44,OF,581.32,39.12,4.436
Adam Frazier,15223,631.88,2B,593.2,38.68,4.387
Aaron Bummer,16258,320.34,RP,281.76,38.58,4.375
Mike Fiers,7754,522.96,SP,485.6,37.36,4.237
Renato Nunez,14503,693.42,1B,656.52,36.9,4.185
Daniel Murphy,4316,693.28,1B,656.52,36.76,4.169
Nick Markakis,5930,617.74,OF,581.32,36.42,4.13
J.D. Davis,16219,617.1,OF,581.32,35.78,4.058
Adam Ottavino,1247,316.64,RP,281.76,34.88,3.956
Michael Pineda,5372,519.98,SP,485.6,34.38,3.899
Adam Wainwright,2233,518.04,SP,485.6,32.44,3.679
Andrelton Simmons,10847,625.3,SS,593.2,32.1,3.64
Nathan Eovaldi,9132,517.06,SP,485.6,31.46,3.568
Danny Santana,10322,612.76,OF,581.32,31.44,3.566
Tony Watson,3132,312.14,RP,281.76,30.38,3.445
Manny Pina,2829,315.0,C,285.86,29.14,3.305
Kevin Ginkel,19876,310.25,RP,281.76,28.49,3.231
Brad Peacock,5401,310.05,RP,281.76,28.29,3.208
Jeff McNeil,15362,824.16,3B,796.44,27.72,3.144
Victor Caratini,14968,312.44,C,285.86,26.58,3.014
Drew Pomeranz,11426,307.53,RP,281.76,25.77,2.923
Amir Garrett,14375,307.2,RP,281.76,25.44,2.885
Joe Kelly,9761,307.09,RP,281.76,25.33,2.873
Julio Teheran,6797,510.56,SP,485.6,24.96,2.831
Justin Turner,5235,821.4,3B,796.44,24.96,2.831
Ryan McMahon,15112,680.2,1B,656.52,23.68,2.685
Jurickson Profar,10815,616.7,2B,593.2,23.5,2.665
Reese McGuire,15674,308.12,C,285.86,22.26,2.524
Michael Lorenzen,14843,303.53,RP,281.76,21.77,2.469
Yonny Chirinos,16401,507.0,SP,485.6,21.4,2.427
Luke Jackson,11752,303.07,RP,281.76,21.31,2.417
Niko Goodrum,12092,602.52,OF,581.32,21.2,2.404
Carter Kieboom,19958,614.04,SS,593.2,20.84,2.363
Adam Jones,6368,601.63,OF,581.32,20.31,2.303
Max Muncy,13301,816.56,3B,796.44,20.12,2.282
Ian Happ,17919,601.38,OF,581.32,20.06,2.275
Christian Walker,13419,676.44,1B,656.52,19.92,2.259
Colin Poche,19403,301.56,RP,281.76,19.8,2.245
Danny Santana,10322,612.76,SS,593.2,19.56,2.218
Danny Santana,10322,612.76,2B,593.2,19.56,2.218
Joc Pederson,11899,675.82,1B,656.52,19.3,2.189
Mike Yastrzemski,14854,600.56,OF,581.32,19.24,2.182
Daniel Norris,13475,504.34,SP,485.6,18.74,2.125
Gio Gonzalez,7448,503.16,SP,485.6,17.56,1.991
Eduardo Escobar,6153,813.7,3B,796.44,17.26,1.957
Shane Greene,10756,298.67,RP,281.76,16.91,1.918
Brett Gardner,9927,597.86,OF,581.32,16.54,1.876
Scott Barlow,14993,298.23,RP,281.76,16.47,1.868
Blake Treinen,12572,298.22,RP,281.76,16.46,1.867
Nick Pivetta,15454,501.64,SP,485.6,16.04,1.819
Scott Kingery,17975,596.92,OF,581.32,15.6,1.769
Martin Maldonado,6887,301.38,C,285.86,15.52,1.76
Domingo Santana,10348,596.74,OF,581.32,15.42,1.749
Nick Senzel,19293,595.52,OF,581.32,14.2,1.61
Robinson Cano,3269,606.44,2B,593.2,13.24,1.502
Zack Britton,3240,294.98,RP,281.76,13.22,1.499
John Gant,13684,294.72,RP,281.76,12.96,1.47
Sam Tuivailala,13485,294.68,RP,281.76,12.92,1.465
Joakim Soria,6941,294.67,RP,281.76,12.91,1.464
Rowan Wick,14646,293.98,RP,281.76,12.22,1.386
Jairo Diaz,12774,293.65,RP,281.76,11.89,1.348
Zack Collins,19181,296.7,C,285.86,10.84,1.229
Niko Goodrum,12092,602.52,2B,593.2,9.32,1.057
Niko Goodrum,12092,602.52,SS,593.2,9.32,1.057
DJ LeMahieu,9874,805.54,3B,796.44,9.1,1.032
Ryan Yarbrough,16502,494.54,SP,485.6,8.94,1.014
Ian Happ,17919,601.38,2B,593.2,8.18,0.928
Stephen Vogt,5000,293.36,C,285.86,7.5,0.851
Jesse Winker,13590,587.6,OF,581.32,6.28,0.712
Luis Urias,16622,598.9,2B,593.2,5.7,0.646
Luis Urias,16622,598.9,SS,593.2,5.7,0.646
Zach Eflin,13774,491.16,SP,485.6,5.56,0.631
Brandon Belt,10264,660.94,1B,656.52,4.42,0.501
Scott Kingery,17975,596.92,2B,593.2,3.72,0.422
Scott Kingery,17975,596.92,SS,593.2,3.72,0.422
Will Harris,3192,285.03,RP,281.76,3.27,0.371
Craig Stammen,7274,284.95,RP,281.76,3.19,0.362
Sean Newcomb,16943,488.64,SP,485.6,3.04,0.345
Yusmeiro Petit,4020,284.65,RP,281.76,2.89,0.328
Tanner Rainey,17610,283.69,RP,281.76,1.93,0.219
Jace Fry,16159,283.48,RP,281.76,1.72,0.195
Pedro Severino,14523,287.14,C,285.86,1.28,0.145
Jordan Yamamoto,17585,485.6,SP,485.6,0.0,0.0
Jacob Stallings,13723,285.86,C,285.86,0.0,0.0
Miguel Sano,12164,796.44,3B,796.44,0.0,0.0
Kevin Newman,17696,593.2,2B,593.2,0.0,0.0
Austin Riley,18360,581.32,OF,581.32,0.0,0.0
Justin Smoak,9054,656.52,1B,656.52,0.0,0.0
Justin Wilson,4301,281.76,RP,281.76,0.0,0.0
Kevin Newman,17696,593.2,SS,593.2,0.0,0.0
Tyler O'Neill,15711,581.1,OF,581.32,-0.22,-0.025
Vince Velasquez,11189,484.92,SP,485.6,-0.68,-0.077
Collin McHugh,7531,484.88,SP,485.6,-0.72,-0.082
J.A. Happ,7410,484.54,SP,485.6,-1.06,-0.12
Yandy Diaz,16578,655.34,1B,656.52,-1.18,-0.134
Carlos Estevez,14542,279.84,RP,281.76,-1.92,-0.218
Tommy Edman,19470,579.0,OF,581.32,-2.32,-0.263
Richard Rodriguez,13549,279.41,RP,281.76,-2.35,-0.267
Josh Taylor,17359,279.25,RP,281.76,-2.51,-0.285
Matt Magill,3950,279.03,RP,281.76,-2.73,-0.31
Anibal Sanchez,3284,481.68,SP,485.6,-3.92,-0.445
Pedro Baez,5420,277.57,RP,281.76,-4.19,-0.475
Emmanuel Clase,21032,277.31,RP,281.76,-4.45,-0.505
David Fletcher,17992,576.52,OF,581.32,-4.8,-0.544
John Means,16269,480.0,SP,485.6,-5.6,-0.635
Jeurys Familia,5114,275.97,RP,281.76,-5.79,-0.657
Trevor May,6398,275.91,RP,281.76,-5.85,-0.663
Alex Claudio,12890,274.8,RP,281.76,-6.96,-0.789
Miguel Cabrera,1744,648.44,1B,656.52,-8.08,-0.916
Michael Chavis,17321,582.78,2B,593.2,-10.42,-1.182
Lucas Sims,13470,269.48,RP,281.76,-12.28,-1.393
Darwinzon Hernandez,19848,268.63,RP,281.76,-13.13,-1.489
Buck Farmer,14814,268.17,RP,281.76,-13.59,-1.541
Tommy Edman,19470,579.0,2B,593.2,-14.2,-1.61
Freddy Galvis,6609,579.0,SS,593.2,-14.2,-1.61
Freddy Galvis,6609,579.0,2B,593.2,-14.2,-1.61
Francisco Cervelli,5275,271.52,C,285.86,-14.34,-1.626
Zach Davies,13183,470.82,SP,485.6,-14.78,-1.676
Mallex Smith,13608,566.52,OF,581.32,-14.8,-1.678
Robert Stephenson,13594,266.3,RP,281.76,-15.46,-1.753
Eric Lauer,19316,470.08,SP,485.6,-15.52,-1.76
Chaz Roe,9866,265.23,RP,281.76,-16.53,-1.875
David Fletcher,17992,576.52,SS,593.2,-16.68,-1.892
David Fletcher,17992,576.52,2B,593.2,-16.68,-1.892
Seranthony Dominguez,19249,264.82,RP,281.76,-16.94,-1.921
John Brebbia,12777,264.61,RP,281.76,-17.15,-1.945
Elias Diaz,11680,267.62,C,285.86,-18.24,-2.069
Sean Murphy,19352,267.25,C,285.86,-18.61,-2.111
Rich Hill,4806,466.76,SP,485.6,-18.84,-2.137
Ranger Suarez,17277,262.37,RP,281.76,-19.39,-2.199
Kyle Freeland,16256,465.96,SP,485.6,-19.64,-2.227
Brandon Brennan,13527,261.75,RP,281.76,-20.01,-2.269
A.J. Pollock,9256,561.18,OF,581.32,-20.14,-2.284
Michael Feliz,11903,261.56,RP,281.76,-20.2,-2.291
Yuli Gurriel,19198,776.16,3B,796.44,-20.28,-2.3
Homer Bailey,8362,465.06,SP,485.6,-20.54,-2.329
Matt Andriese,12022,261.07,RP,281.76,-20.69,-2.346
Ross Stripling,13273,464.84,SP,485.6,-20.76,-2.354
Oliver Drake,8823,260.8,RP,281.76,-20.96,-2.377
Brandon Kintzler,9939,260.49,RP,281.76,-21.27,-2.412
Cam Bedrosian,13360,260.12,RP,281.76,-21.64,-2.454
Chris Martin,11847,259.88,RP,281.76,-21.88,-2.481
Jordan Lyles,7593,463.48,SP,485.6,-22.12,-2.509
Brad Wieck,16390,259.25,RP,281.76,-22.51,-2.553
Alex Wood,13781,462.88,SP,485.6,-22.72,-2.577
Rafael Montero,12760,258.14,RP,281.76,-23.62,-2.679
Tyler Rogers,15541,257.7,RP,281.76,-24.06,-2.729
Daniel Hudson,7146,257.34,RP,281.76,-24.42,-2.769
Kyle Ryan,11753,256.61,RP,281.76,-25.15,-2.852
Willians Astudillo,15608,260.68,C,285.86,-25.18,-2.856
Wander Suero,15855,255.94,RP,281.76,-25.82,-2.928
Jose Alvarez,5358,254.22,RP,281.76,-27.54,-3.123
J.P. Crawford,15491,565.54,SS,593.2,-27.66,-3.137
Nick Wittgren,15594,253.98,RP,281.76,-27.78,-3.15
Junior Guerra,5702,253.74,RP,281.76,-28.02,-3.178
Brandon Crawford,5343,564.36,SS,593.2,-28.84,-3.271
Wade Miley,8779,456.74,SP,485.6,-28.86,-3.273
Isan Diaz,17922,563.46,2B,593.2,-29.74,-3.373
Jonathan Lucroy,7870,255.72,C,285.86,-30.14,-3.418
Justus Sheffield,17285,455.42,SP,485.6,-30.18,-3.423
Matt Hall,18076,251.36,RP,281.76,-30.4,-3.448
Kevin Kiermaier,11038,550.82,OF,581.32,-30.5,-3.459
Brett Anderson,8223,452.48,SP,485.6,-33.12,-3.756
Tim Hill,16814,248.6,RP,281.76,-33.16,-3.761
Chase Anderson,6895,452.1,SP,485.6,-33.5,-3.799
Alex Avila,7476,252.36,C,285.86,-33.5,-3.799
Chris Devenski,12763,247.24,RP,281.76,-34.52,-3.915
Hanser Alberto,11902,558.66,2B,593.2,-34.54,-3.917
Garrett Stubbs,18067,250.32,C,285.86,-35.54,-4.03
Jose Urena,11589,449.71,SP,485.6,-35.89,-4.07
Anthony Bass,7982,245.52,RP,281.76,-36.24,-4.11
Steve Cishek,6483,245.02,RP,281.76,-36.74,-4.167
Curt Casali,12510,248.58,C,285.86,-37.28,-4.228
Colin Moran,16909,555.46,2B,593.2,-37.74,-4.28
Pedro Strop,4070,243.31,RP,281.76,-38.45,-4.361
Jose Alvarado,17780,243.04,RP,281.76,-38.72,-4.391
Christin Stewart,17714,542.32,OF,581.32,-39.0,-4.423
Brendan McKay,20186,446.24,SP,485.6,-39.36,-4.464
Jesse Chavez,5448,241.0,RP,281.76,-40.76,-4.622
Brian Anderson,18289,755.24,3B,796.44,-41.2,-4.672
Steven Brault,15291,443.12,SP,485.6,-42.48,-4.818
Trevor Gott,15046,239.13,RP,281.76,-42.63,-4.835
Alex Gordon,5209,538.66,OF,581.32,-42.66,-4.838
Kevin Pillar,12434,538.22,OF,581.32,-43.1,-4.888
Danny Santana,10322,612.76,1B,656.52,-43.76,-4.963
Austin Hedges,12976,241.98,C,285.86,-43.88,-4.976
Sergio Romo,9817,237.81,RP,281.76,-43.95,-4.984
Jandel Gustave,14665,237.76,RP,281.76,-44.0,-4.99
Hector Rondon,2391,237.19,RP,281.76,-44.57,-5.055
Jose Cisnero,6399,236.84,RP,281.76,-44.92,-5.094
Mike Montgomery,4869,440.46,SP,485.6,-45.14,-5.119
Oliver Perez,1514,235.31,RP,281.76,-46.45,-5.268
Trent Thornton,17948,438.88,SP,485.6,-46.72,-5.298
Brian Dozier,9810,546.36,2B,593.2,-46.84,-5.312
Jarlin Garcia,18282,232.68,RP,281.76,-49.08,-5.566
Brett Martin,17369,232.6,RP,281.76,-49.16,-5.575
Sam Gaviglio,12778,231.5,RP,281.76,-50.26,-5.7
Austin Hays,19363,530.86,OF,581.32,-50.46,-5.723
Garrett Cooper,15279,530.22,OF,581.32,-51.1,-5.795
Stefan Crichton,16058,230.12,RP,281.76,-51.64,-5.856
Drew Smyly,11760,433.52,SP,485.6,-52.08,-5.906
Miguel Rojas,7802,540.32,SS,593.2,-52.88,-5.997
Niko Goodrum,12092,602.52,1B,656.52,-54.0,-6.124
Austin Romine,5491,231.84,C,285.86,-54.02,-6.126
Yoshihisa Hirano,19756,226.79,RP,281.76,-54.97,-6.234
David Bednar,19569,226.28,RP,281.76,-55.48,-6.292
Austin Barnes,12158,230.22,C,285.86,-55.64,-6.31
Paul Fry,15832,226.1,RP,281.76,-55.66,-6.312
Drew VerHagen,13424,225.66,RP,281.76,-56.1,-6.362
Gavin Lux,19955,536.88,2B,593.2,-56.32,-6.387
Mike Tauchman,15274,524.62,OF,581.32,-56.7,-6.43
Alex Young,18333,224.24,RP,281.76,-57.52,-6.523
Teoscar Hernandez,13066,523.58,OF,581.32,-57.74,-6.548
Tyler Clippard,5640,223.82,RP,281.76,-57.94,-6.571
Marcus Walden,8004,223.49,RP,281.76,-58.27,-6.608
Asdrubal Cabrera,4962,534.92,2B,593.2,-58.28,-6.609
Mauricio Dubon,16530,534.48,SS,593.2,-58.72,-6.659
Mauricio Dubon,16530,534.48,2B,593.2,-58.72,-6.659
Miguel Castro,15684,221.21,RP,281.76,-60.55,-6.867
Jorge Lopez,14527,219.98,RP,281.76,-61.78,-7.006
Patrick Sandoval,19447,422.56,SP,485.6,-63.04,-7.149
Robert Gsellman,13696,218.37,RP,281.76,-63.39,-7.189
Tyler Mahle,16358,422.06,SP,485.6,-63.54,-7.206
Richard Bleier,7803,218.0,RP,281.76,-63.76,-7.231
Adam Kolarek,10843,217.65,RP,281.76,-64.11,-7.271
Noe Ramirez,12800,217.25,RP,281.76,-64.51,-7.316
Adam Morgan,12580,217.19,RP,281.76,-64.57,-7.323
Ender Inciarte,4922,515.68,OF,581.32,-65.64,-7.444
Eric Thames,3711,515.48,OF,581.32,-65.84,-7.467
C.J. Cron,12546,590.24,1B,656.52,-66.28,-7.517
Lou Trivino,15043,214.55,RP,281.76,-67.21,-7.622
Evan Marshall,12297,214.32,RP,281.76,-67.44,-7.648
Kevan Smith,12284,218.42,C,285.86,-67.44,-7.648
Clay Holmes,13649,214.05,RP,281.76,-67.71,-7.679
Wade Davis,7441,213.94,RP,281.76,-67.82,-7.691
Grayson Greiner,17062,215.98,C,285.86,-69.88,-7.925
Trevor Richards,19309,211.72,RP,281.76,-70.04,-7.943
Sam Coonrod,17264,211.53,RP,281.76,-70.23,-7.965
Jeff Brigham,16631,210.97,RP,281.76,-70.79,-8.028
Yoan Lopez,17181,210.89,RP,281.76,-70.87,-8.037
Logan Webb,17995,414.26,SP,485.6,-71.34,-8.09
Hunter Dozier,15117,724.78,3B,796.44,-71.66,-8.127
JaCoby Jones,14818,509.54,OF,581.32,-71.78,-8.14
Luke Voit,14811,584.72,1B,656.52,-71.8,-8.143
Tanner Scott,17586,209.58,RP,281.76,-72.18,-8.186
Jonathan Loaisiga,19753,209.57,RP,281.76,-72.19,-8.187
Zack Littell,15823,209.37,RP,281.76,-72.39,-8.21
Roenis Elias,12673,209.24,RP,281.76,-72.52,-8.224
Joe Smith,3281,209.16,RP,281.76,-72.6,-8.233
Welington Castillo,3256,213.18,C,285.86,-72.68,-8.242
Matt Wisler,12804,208.76,RP,281.76,-73.0,-8.279
Dan Altavilla,16507,208.37,RP,281.76,-73.39,-8.323
Jameson Taillon,11674,208.1,RP,281.76,-73.66,-8.354
Michael Chavis,17321,582.78,1B,656.52,-73.74,-8.363
Kevin McCarthy,15240,207.77,RP,281.76,-73.99,-8.391
Nicky Lopez,19339,518.04,2B,593.2,-75.16,-8.524
Nicky Lopez,19339,518.04,SS,593.2,-75.16,-8.524
Kevin Plawecki,13807,209.16,C,285.86,-76.7,-8.698
Wilmer Font,5257,204.78,RP,281.76,-76.98,-8.73
Adam Conley,14457,204.31,RP,281.76,-77.45,-8.783
Wil Myers,10047,502.46,OF,581.32,-78.86,-8.943
Cody Stashak,18088,202.24,RP,281.76,-79.52,-9.018
Ray Black,14244,201.27,RP,281.76,-80.49,-9.128
Felipe Vazquez,12076,201.2,RP,281.76,-80.56,-9.136
Chris Stratton,13761,200.94,RP,281.76,-80.82,-9.166
Kyle Tucker,18345,500.3,OF,581.32,-81.02,-9.188
Kelvin Herrera,6033,199.17,RP,281.76,-82.59,-9.366
Jay Jackson,7432,199.01,RP,281.76,-82.75,-9.384
Domingo German,17149,402.7,SP,485.6,-82.9,-9.401
Austin Voth,15047,402.58,SP,485.6,-83.02,-9.415
David Phelps,6316,198.21,RP,281.76,-83.55,-9.475
Keynan Middleton,15264,197.48,RP,281.76,-84.28,-9.558
Andrew Kittredge,12828,197.34,RP,281.76,-84.42,-9.574
Austin Pruitt,15290,197.26,RP,281.76,-84.5,-9.583
Kyle Higashioka,5517,200.9,C,285.86,-84.96,-9.635
Luis Cessa,13345,196.76,RP,281.76,-85.0,-9.64
Andrew Cashner,8782,400.48,SP,485.6,-85.12,-9.653
Jeremy Jeffress,9490,196.54,RP,281.76,-85.22,-9.665
CC Sabathia,404,196.26,RP,281.76,-85.5,-9.696
Aaron Civale,19479,399.58,SP,485.6,-86.02,-9.755
Matt Wieters,4298,199.38,C,285.86,-86.48,-9.807
Marwin Gonzalez,5497,493.7,OF,581.32,-87.62,-9.937
Ryan Brasier,5615,192.96,RP,281.76,-88.8,-10.071
Ji-Man Choi,5452,567.7,1B,656.52,-88.82,-10.073
Tyler Chatwood,4338,396.3,SP,485.6,-89.3,-10.127
Derek Law,13133,192.18,RP,281.76,-89.58,-10.159
Tyler Webb,14974,191.95,RP,281.76,-89.81,-10.185
Adam Cimber,15288,191.27,RP,281.76,-90.49,-10.262
Yimi Garcia,12095,189.57,RP,281.76,-92.19,-10.455
Tyler Beede,16981,393.08,SP,485.6,-92.52,-10.492
Elieser Hernandez,16933,393.04,SP,485.6,-92.56,-10.497
Jose Iglesias,10231,500.36,SS,593.2,-92.84,-10.529
Luis Perdomo,14682,187.97,RP,281.76,-93.79,-10.636
Max Stassi,10059,189.96,C,285.86,-95.9,-10.876
Nick Goody,13685,185.57,RP,281.76,-96.19,-10.909
Sam Dyson,11710,185.48,RP,281.76,-96.28,-10.919
Brad Brach,6627,185.27,RP,281.76,-96.49,-10.943
Jason Kipnis,9776,496.1,2B,593.2,-97.1,-11.012
Sam Hilliard,17954,483.68,OF,581.32,-97.64,-11.073
J.B. Wendelken,14506,184.06,RP,281.76,-97.7,-11.08
Victor Reyes,15487,483.26,OF,581.32,-98.06,-11.121
Jon Duplantier,19546,183.54,RP,281.76,-98.22,-11.139
Corbin Burnes,19361,387.24,SP,485.6,-98.36,-11.155
Junior Fernandez,18496,183.1,RP,281.76,-98.66,-11.189
Trey Wingenter,17793,182.82,RP,281.76,-98.94,-11.221
Thomas Pannone,17281,181.38,RP,281.76,-100.38,-11.384
Gregory Soto,19677,181.16,RP,281.76,-100.6,-11.409
Dom Nunez,15055,185.26,C,285.86,-100.6,-11.409
Austin Allen,18083,184.94,C,285.86,-100.92,-11.445
Francisco Liriano,3201,179.5,RP,281.76,-102.26,-11.597
Tommy La Stella,12371,490.94,2B,593.2,-102.26,-11.597
Jared Hughes,9325,179.28,RP,281.76,-102.48,-11.622
Peter Fairbanks,17998,178.96,RP,281.76,-102.8,-11.658
Jimmy Cordero,15690,178.8,RP,281.76,-102.96,-11.676
Renato Nunez,14503,693.42,3B,796.44,-103.02,-11.683
Ivan Nova,1994,382.16,SP,485.6,-103.44,-11.731
Ryan Helsley,18138,177.88,RP,281.76,-103.88,-11.781
Michael Perez,12977,181.48,C,285.86,-104.38,-11.837
Rowdy Tellez,15679,551.96,1B,656.52,-104.56,-11.858
Jose Trevino,16725,181.1,C,285.86,-104.76,-11.881
John Schreiber,20020,176.88,RP,281.76,-104.88,-11.894
Joe Ross,12972,380.38,SP,485.6,-105.22,-11.933
Andrew Suarez,18300,176.42,RP,281.76,-105.34,-11.946
Colten Brewer,12997,175.76,RP,281.76,-106.0,-12.021
Gerardo Reyes,16306,175.44,RP,281.76,-106.32,-12.057
Shawn Armstrong,12857,175.31,RP,281.76,-106.45,-12.072
Jeimer Candelario,13621,549.54,1B,656.52,-106.98,-12.132
Josh Reddick,3892,474.2,OF,581.32,-107.12,-12.148
Stephen Tarpley,15859,174.4,RP,281.76,-107.36,-12.175
Heath Hembree,11632,173.62,RP,281.76,-108.14,-12.264
Howie Kendrick,4229,484.88,2B,593.2,-108.32,-12.284
Taylor Guilbeau,18306,171.41,RP,281.76,-110.35,-12.514
Caleb Ferguson,19349,170.96,RP,281.76,-110.8,-12.566
Joel Kuhnel,19995,170.71,RP,281.76,-111.05,-12.594
Tayron Guerrero,11691,170.32,RP,281.76,-111.44,-12.638
Antonio Senzatela,15488,374.12,SP,485.6,-111.48,-12.643
Duane Underwood Jr.,14677,170.24,RP,281.76,-111.52,-12.647
Dustin May,19716,374.04,SP,485.6,-111.56,-12.652
Dylan Floro,13394,168.32,RP,281.76,-113.44,-12.865
Edgar Garcia,19276,168.21,RP,281.76,-113.55,-12.877
Andrew Knizner,19514,172.28,C,285.86,-113.58,-12.881
Carl Edwards Jr.,13607,167.42,RP,281.76,-114.34,-12.967
Jordan Romano,16122,167.24,RP,281.76,-114.52,-12.987
Luis Arraez,18568,681.38,3B,796.44,-115.06,-13.049
Fernando Romero,15885,165.68,RP,281.76,-116.08,-13.164
Ryan McMahon,15112,680.2,3B,796.44,-116.24,-13.182
Harold Ramirez,14387,465.06,OF,581.32,-116.26,-13.185
Alex Dickerson,12649,464.32,OF,581.32,-117.0,-13.269
Jordan Hicks,19618,164.46,RP,281.76,-117.3,-13.303
Sandy Leon,5273,168.08,C,285.86,-117.78,-13.357
Josh Phegley,9308,168.04,C,285.86,-117.82,-13.362
Derek Fisher,16192,462.36,OF,581.32,-118.96,-13.491
Fernando Rodney,494,161.31,RP,281.76,-120.45,-13.66
Trevor Cahill,6249,161.12,RP,281.76,-120.64,-13.681
Ryan Tepera,10291,160.34,RP,281.76,-121.42,-13.77
Hunter Wood,15091,159.52,RP,281.76,-122.24,-13.863
Matt Bowman,13528,159.33,RP,281.76,-122.43,-13.884
Hector Noesi,3292,158.81,RP,281.76,-122.95,-13.943
Felix Pena,13403,158.2,RP,281.76,-123.56,-14.013
Michael Wacha,14078,362.02,SP,485.6,-123.58,-14.015
Mitch Moreland,3086,532.92,1B,656.52,-123.6,-14.017
Nick Solak,19294,672.14,3B,796.44,-124.3,-14.097
Luis Garcia,6984,157.34,RP,281.76,-124.42,-14.11
Cole Irvin,19244,156.1,RP,281.76,-125.66,-14.251
Grant Dayton,11203,155.8,RP,281.76,-125.96,-14.285
Garrett Cooper,15279,530.22,1B,656.52,-126.3,-14.323
T.J. McFarland,3237,155.4,RP,281.76,-126.36,-14.33
Brian McCann,4810,159.3,C,285.86,-126.56,-14.353
Russell Martin,4616,159.04,C,285.86,-126.82,-14.382
Carlos Rodon,16137,154.7,RP,281.76,-127.06,-14.41
David McKay,19814,154.37,RP,281.76,-127.39,-14.447
Starlin Castro,4579,669.02,3B,796.44,-127.42,-14.45
Stephen Piscotty,13367,453.16,OF,581.32,-128.16,-14.534
Justin Anderson,16201,153.24,RP,281.76,-128.52,-14.575
Daniel Zamora,17811,152.48,RP,281.76,-129.28,-14.661
Jake Rogers,19452,156.32,C,285.86,-129.54,-14.691
Nick Hundley,3376,156.27,C,285.86,-129.59,-14.696
Aramis Garcia,16925,156.24,C,285.86,-129.62,-14.7
Sean Reid-Foley,17034,152.12,RP,281.76,-129.64,-14.702
Taylor Cole,11964,151.98,RP,281.76,-129.78,-14.718
Harrison Bader,18030,451.48,OF,581.32,-129.84,-14.725
Kyle Seager,9785,666.26,3B,796.44,-130.18,-14.763
Mike Mayers,15451,150.88,RP,281.76,-130.88,-14.843
Casey Sadler,11209,150.74,RP,281.76,-131.02,-14.859
Bryan Shaw,8110,150.6,RP,281.76,-131.16,-14.874
Dillon Maples,14672,150.5,RP,281.76,-131.26,-14.886
Ryan Buchter,9456,150.4,RP,281.76,-131.36,-14.897
Cal Quantrill,19312,353.6,SP,485.6,-132.0,-14.97
Phil Maton,18064,148.46,RP,281.76,-133.3,-15.117
Chad Sobotka,17470,147.97,RP,281.76,-133.79,-15.173
Zach Plesac,19979,351.56,SP,485.6,-134.04,-15.201
Zac Grotz,18256,147.51,RP,281.76,-134.25,-15.225
Tomas Nido,13755,151.6,C,285.86,-134.26,-15.226
Dan Otero,7385,146.92,RP,281.76,-134.84,-15.292
Shawn Kelley,7773,146.68,RP,281.76,-135.08,-15.319
Brian Goodwin,12858,445.9,OF,581.32,-135.42,-15.358
Adalberto Mejia,13188,146.26,RP,281.76,-135.5,-15.367
Randy Rosario,14508,145.42,RP,281.76,-136.34,-15.462
Hunter Strickland,7836,145.33,RP,281.76,-136.43,-15.472
Anthony Swarzak,7466,144.72,RP,281.76,-137.04,-15.541
Gabriel Ynoa,12938,143.8,RP,281.76,-137.96,-15.646
Wandy Peralta,14295,143.72,RP,281.76,-138.04,-15.655
Nate Jones,4696,143.64,RP,281.76,-138.12,-15.664
Joe Biagini,13194,143.42,RP,281.76,-138.34,-15.689
Genesis Cabrera,17490,142.42,RP,281.76,-139.34,-15.802
Matt Albers,4300,141.04,RP,281.76,-140.72,-15.959
Eric Thames,3711,515.48,1B,656.52,-141.04,-15.995
Yandy Diaz,16578,655.34,3B,796.44,-141.1,-16.002
Dominic Leone,13763,140.26,RP,281.76,-141.5,-16.047
Austin Adams,13801,140.12,RP,281.76,-141.64,-16.063
Jordan Zimmermann,4505,343.88,SP,485.6,-141.72,-16.072
Scooter Gennett,10339,451.1,2B,593.2,-142.1,-16.115
Jalen Beeks,17192,139.0,RP,281.76,-142.76,-16.19
Fernando Abad,4994,138.82,RP,281.76,-142.94,-16.21
Blake Parker,5224,138.35,RP,281.76,-143.41,-16.264
Jose Quijada,19200,137.6,RP,281.76,-144.16,-16.349
Ryan Weber,10160,137.58,RP,281.76,-144.18,-16.351
Burch Smith,12784,137.18,RP,281.76,-144.58,-16.396
Greg Holland,7196,137.1,RP,281.76,-144.66,-16.405
Wilmer Flores,5827,448.18,2B,593.2,-145.02,-16.446
Orlando Arcia,13185,447.9,SS,593.2,-145.3,-16.478
Dee Gordon,8203,447.4,2B,593.2,-145.8,-16.535
Jordan Luplow,16424,435.46,OF,581.32,-145.86,-16.542
James Pazos,13323,135.58,RP,281.76,-146.18,-16.578
Josh Staumont,18335,135.28,RP,281.76,-146.48,-16.612
Jacob Webb,19274,135.28,RP,281.76,-146.48,-16.612
Drew Gagnon,12545,134.77,RP,281.76,-146.99,-16.67
Lewis Thorpe,15906,338.2,SP,485.6,-147.4,-16.716
Jake McGee,7550,134.35,RP,281.76,-147.41,-16.717
Josh Tomlin,9388,133.96,RP,281.76,-147.8,-16.762
Zack Godley,14862,133.73,RP,281.76,-148.03,-16.788
Tony Gonsolin,19388,337.51,SP,485.6,-148.09,-16.794
Michel Baez,20100,133.0,RP,281.76,-148.76,-16.87
Jimmie Sherfy,15118,132.7,RP,281.76,-149.06,-16.904
Sal Romano,13690,132.42,RP,281.76,-149.34,-16.936
Jefry Rodriguez,17018,132.16,RP,281.76,-149.6,-16.966
Paul Sewald,13892,132.12,RP,281.76,-149.64,-16.97
Taylor Guerrieri,13616,131.78,RP,281.76,-149.98,-17.009
Nestor Cortes,17874,131.54,RP,281.76,-150.22,-17.036
Leury Garcia,5913,430.4,OF,581.32,-150.92,-17.115
Kyle Farmer,14813,134.9,C,285.86,-150.96,-17.12
Jake Faria,13699,130.52,RP,281.76,-151.24,-17.152
Taylor Clarke,17611,129.24,RP,281.76,-152.52,-17.297
Jeff Mathis,3448,133.22,C,285.86,-152.64,-17.31
Drew Steckenrider,18806,128.67,RP,281.76,-153.09,-17.362
Adrian Sampson,13339,331.97,SP,485.6,-153.63,-17.423
Nick Margevicius,20395,128.06,RP,281.76,-153.7,-17.431
Evan Phillips,17734,127.02,RP,281.76,-154.74,-17.549
Austin Brice,17237,126.36,RP,281.76,-155.4,-17.623
Cody Allen,12183,126.34,RP,281.76,-155.42,-17.626
Dillon Tate,17796,126.3,RP,281.76,-155.46,-17.63
Geoff Hartlieb,19558,125.83,RP,281.76,-155.93,-17.684
Isiah Kiner-Falefa,16512,128.14,C,285.86,-157.72,-17.887
Drew Butera,3411,128.08,C,285.86,-157.78,-17.893
Montana DuRapau,16768,123.83,RP,281.76,-157.93,-17.91
Yefry Ramirez,15655,123.66,RP,281.76,-158.1,-17.93
Jonathan Holder,16588,123.6,RP,281.76,-158.16,-17.936
Yency Almonte,15068,123.56,RP,281.76,-158.2,-17.941
Daniel Vogelbach,14130,497.68,1B,656.52,-158.84,-18.014
Jonny Venters,7175,122.72,RP,281.76,-159.04,-18.036
Luke Bard,14288,122.44,RP,281.76,-159.32,-18.068
Juan Nicasio,7731,122.0,RP,281.76,-159.76,-18.118
Alex McRae,16317,122.0,RP,281.76,-159.76,-18.118
Matt Carpenter,8090,636.16,3B,796.44,-160.28,-18.177
Juan Minaya,10341,121.01,RP,281.76,-160.75,-18.23
Cam Gallagher,12981,125.02,C,285.86,-160.84,-18.24
Kyle Zimmer,14169,120.91,RP,281.76,-160.85,-18.242
Zach Duke,3840,120.8,RP,281.76,-160.96,-18.254
Austin Davis,17117,120.8,RP,281.76,-160.96,-18.254
Jimmy Yacabonis,15157,120.09,RP,281.76,-161.67,-18.335
Erik Swanson,16587,323.36,SP,485.6,-162.24,-18.399
Leury Garcia,5913,430.4,SS,593.2,-162.8,-18.463
Marwin Gonzalez,5497,493.7,1B,656.52,-162.82,-18.465
Chris Iannetta,8267,123.02,C,285.86,-162.84,-18.467
John Hicks,12547,122.77,C,285.86,-163.09,-18.496
Trevor Rosenthal,10745,118.58,RP,281.76,-163.18,-18.506
Peter Lambert,17969,321.98,SP,485.6,-163.62,-18.556
Nick Burdi,16074,117.9,RP,281.76,-163.86,-18.583
Tim Mayza,15042,117.64,RP,281.76,-164.12,-18.612
Josh A. Smith,10946,116.96,RP,281.76,-164.8,-18.69
Chris Taylor,13757,415.72,OF,581.32,-165.6,-18.78
Rene Rivera,3648,120.18,C,285.86,-165.68,-18.789
Scott Alexander,10591,116.06,RP,281.76,-165.7,-18.792
Wei-Yin Chen,13071,114.87,RP,281.76,-166.89,-18.927
Devin Williams,15816,114.85,RP,281.76,-166.91,-18.929
Williams Jerez,14338,114.66,RP,281.76,-167.1,-18.95
Jhoulys Chacin,2608,318.48,SP,485.6,-167.12,-18.953
Jeffrey Springs,17677,114.45,RP,281.76,-167.31,-18.974
Wily Peralta,7738,114.4,RP,281.76,-167.36,-18.98
JT Chargois,13767,113.96,RP,281.76,-167.8,-19.03
Jake Jewell,16958,113.42,RP,281.76,-168.34,-19.091
Nick Ramirez,12575,113.38,RP,281.76,-168.38,-19.096
Reggie McClain,19311,113.0,RP,281.76,-168.76,-19.139
Sam Howard,16265,112.4,RP,281.76,-169.36,-19.207
Nick Vincent,7555,112.26,RP,281.76,-169.5,-19.223
Parker Markel,12106,110.85,RP,281.76,-170.91,-19.382
Nick Kingham,11694,110.59,RP,281.76,-171.17,-19.412
Cory Gearrin,7947,110.5,RP,281.76,-171.26,-19.422
A.J. Minter,18655,110.46,RP,281.76,-171.3,-19.427
Howie Kendrick,4229,484.88,1B,656.52,-171.64,-19.465
Nick Dini,18206,113.77,C,285.86,-172.09,-19.516
Manuel Margot,14712,408.92,OF,581.32,-172.4,-19.551
Dustin Garneau,9433,113.2,C,285.86,-172.66,-19.581
Travis Lakins,18600,108.79,RP,281.76,-172.97,-19.616
Jose Ruiz,14552,108.68,RP,281.76,-173.08,-19.629
Melky Cabrera,4022,408.08,OF,581.32,-173.24,-19.647
Brandon Drury,11615,407.92,OF,581.32,-173.4,-19.665
Kyle Barraclough,13713,107.81,RP,281.76,-173.95,-19.727
Jason Adam,11861,107.73,RP,281.76,-174.03,-19.736
Javy Guerra,7407,107.34,RP,281.76,-174.42,-19.78
Willi Castro,17338,418.52,SS,593.2,-174.68,-19.81
Jerry Blevins,7841,106.16,RP,281.76,-175.6,-19.914
Tony Sipp,8280,106.02,RP,281.76,-175.74,-19.93
Luis Avilan,2882,105.7,RP,281.76,-176.06,-19.966
Jason Vargas,8044,309.46,SP,485.6,-176.14,-19.976
Justin Shafer,16132,105.52,RP,281.76,-176.24,-19.987
Andrew Knapp,14942,109.62,C,285.86,-176.24,-19.987
Yacksel Rios,15007,105.48,RP,281.76,-176.28,-19.991
Dylan Covey,14825,309.18,SP,485.6,-176.42,-20.007
Jose Peraza,13593,404.6,OF,581.32,-176.72,-20.041
Tyler Bashlor,15203,104.8,RP,281.76,-176.96,-20.069
Richard Lovelady,19337,104.8,RP,281.76,-176.96,-20.069
Ryan O'Hearn,16442,479.18,1B,656.52,-177.34,-20.112
Brad Boxberger,10133,104.38,RP,281.76,-177.38,-20.116
Phillips Valdez,15605,104.37,RP,281.76,-177.39,-20.117
Chris Taylor,13757,415.72,SS,593.2,-177.48,-20.128
Chris Taylor,13757,415.72,2B,593.2,-177.48,-20.128
Devin Smeltzer,19487,307.64,SP,485.6,-177.96,-20.182
Mike Wright Jr.,12586,103.57,RP,281.76,-178.19,-20.208
Ryne Harper,12680,102.84,RP,281.76,-178.92,-20.291
J.D. Davis,16219,617.1,3B,796.44,-179.34,-20.338
Tyler Lyons,11334,102.4,RP,281.76,-179.36,-20.341
Kyle Bird,16618,101.43,RP,281.76,-180.33,-20.451
Eric Sogard,7927,412.66,2B,593.2,-180.54,-20.475
Garrett Hampson,19262,400.44,OF,581.32,-180.88,-20.513
Trevor Hildenberger,17002,100.82,RP,281.76,-180.94,-20.52
Manny Banuelos,5365,100.73,RP,281.76,-181.03,-20.53
John Ryan Murphy,10346,104.76,C,285.86,-181.1,-20.538
Miguel Del Pozo,18792,100.04,RP,281.76,-181.72,-20.608
Wes Parsons,14764,99.97,RP,281.76,-181.79,-20.616
Jacob Waguespack,18318,303.14,SP,485.6,-182.46,-20.692
Allen Webster,3993,99.2,RP,281.76,-182.56,-20.704
Reyes Moronta,14966,99.17,RP,281.76,-182.59,-20.707
D.J. Stewart,17766,398.54,OF,581.32,-182.78,-20.729
Mike Morin,13442,98.94,RP,281.76,-182.82,-20.733
Wei-Chung Wang,14382,98.77,RP,281.76,-182.99,-20.752
Meibrys Viloria,17109,102.86,C,285.86,-183.0,-20.754
Shed Long,16542,397.92,OF,581.32,-183.4,-20.799
Danny Santana,10322,612.76,3B,796.44,-183.68,-20.831
Jeanmar Gomez,9033,97.94,RP,281.76,-183.82,-20.847
Kolby Allard,18694,301.76,SP,485.6,-183.84,-20.849
Edubray Ramos,16086,97.07,RP,281.76,-184.69,-20.945
Evan Longoria,9368,611.58,3B,796.44,-184.86,-20.964
Buddy Boshers,8490,96.67,RP,281.76,-185.09,-20.991
Brandon Drury,11615,407.92,2B,593.2,-185.28,-21.012
Zac Reininger,15285,95.9,RP,281.76,-185.86,-21.078
Josh VanMeter,15170,395.12,OF,581.32,-186.2,-21.116
Josh Osich,11528,95.2,RP,281.76,-186.56,-21.157
Aaron Brooks,12272,94.8,RP,281.76,-186.96,-21.203
Jake Newberry,15136,94.2,RP,281.76,-187.56,-21.271
Brett Phillips,14735,393.0,OF,581.32,-188.32,-21.357
Jose Peraza,13593,404.6,2B,593.2,-188.6,-21.389
Jose Peraza,13593,404.6,SS,593.2,-188.6,-21.389
Ruben Alaniz,10819,93.08,RP,281.76,-188.68,-21.398
Heath Fillmyer,17466,93.06,RP,281.76,-188.7,-21.4
Caleb Joseph,7087,96.64,C,285.86,-189.22,-21.459
Ryan Carpenter,12699,92.16,RP,281.76,-189.6,-21.502
Odubel Herrera,11476,391.7,OF,581.32,-189.62,-21.504
Luke Maile,13355,96.18,C,285.86,-189.68,-21.511
Tyler Olson,14741,91.68,RP,281.76,-190.08,-21.556
Chris Herrmann,9284,95.78,C,285.86,-190.08,-21.556
Chance Adams,18135,91.48,RP,281.76,-190.28,-21.579
Christian Vazquez,9774,466.2,1B,656.52,-190.32,-21.584
David Hale,9756,90.63,RP,281.76,-191.13,-21.676
Blaine Hardy,6499,90.62,RP,281.76,-191.14,-21.677
Giovanny Urshela,10681,605.28,3B,796.44,-191.16,-21.679
Josh Rojas,19734,389.42,OF,581.32,-191.9,-21.763
Tyler Kinley,18297,89.16,RP,281.76,-192.6,-21.842
Justin Miller,8580,89.0,RP,281.76,-192.76,-21.86
Garrett Hampson,19262,400.44,2B,593.2,-192.76,-21.86
Garrett Hampson,19262,400.44,SS,593.2,-192.76,-21.86
David Hernandez,4259,88.94,RP,281.76,-192.82,-21.867
Raimel Tapia,14350,388.5,OF,581.32,-192.82,-21.867
Branden Kline,14101,88.48,RP,281.76,-193.28,-21.919
Adam Warren,9029,87.97,RP,281.76,-193.79,-21.977
Robby Scott,13042,87.76,RP,281.76,-194.0,-22.001
Seunghwan Oh,18719,86.8,RP,281.76,-194.96,-22.11
Chad Wallach,17161,90.64,C,285.86,-195.22,-22.139
Shed Long,16542,397.92,2B,593.2,-195.28,-22.146
Kyle Dowdy,19285,85.81,RP,281.76,-195.95,-22.222
J. D. Hammer,19548,85.18,RP,281.76,-196.58,-22.294
Jose Suarez,19911,288.9,SP,485.6,-196.7,-22.307
Tyler Alexander,17735,288.28,SP,485.6,-197.32,-22.378
Brock Stewart,16727,84.14,RP,281.76,-197.62,-22.412
Tayler Scott,13652,84.14,RP,281.76,-197.62,-22.412
Josh VanMeter,15170,395.12,2B,593.2,-198.08,-22.464
Beau Taylor,12384,87.5,C,285.86,-198.36,-22.495
Alex Wilson,9239,83.02,RP,281.76,-198.74,-22.539
Victor Alcantara,15028,82.67,RP,281.76,-199.09,-22.578
Jacob Barnes,12323,82.43,RP,281.76,-199.33,-22.605
Scott Kingery,17975,596.92,3B,796.44,-199.52,-22.627
Dan Winkler,12237,80.93,RP,281.76,-200.83,-22.776
Travis Shaw,11982,595.22,3B,796.44,-201.22,-22.82
Edinson Volquez,3990,79.72,RP,281.76,-202.04,-22.913
Michael Shawaryn,19495,79.54,RP,281.76,-202.22,-22.933
Bryan Holaday,11287,83.32,C,285.86,-202.54,-22.97
Ryan McBroom,16524,378.28,OF,581.32,-203.04,-23.026
Joe Harvey,16459,78.54,RP,281.76,-203.22,-23.047
Gerardo Parra,8553,378.1,OF,581.32,-203.22,-23.047
Neil Ramirez,7677,78.45,RP,281.76,-203.31,-23.057
Josh D. Smith,13629,77.72,RP,281.76,-204.04,-23.14
Dan Straily,9460,77.54,RP,281.76,-204.22,-23.16
Austin Adams,7411,77.44,RP,281.76,-204.32,-23.171
Bobby Poyner,17987,77.24,RP,281.76,-204.52,-23.194
D.J. Johnson,12578,77.14,RP,281.76,-204.62,-23.205
Austin Wynns,15271,81.06,C,285.86,-204.8,-23.226
Jesse Biddle,11437,75.15,RP,281.76,-206.61,-23.431
Tim Melville,9149,74.87,RP,281.76,-206.89,-23.463
Brian Flynn,12027,74.2,RP,281.76,-207.56,-23.539
Lewis Brinson,14352,373.48,OF,581.32,-207.84,-23.571
Dereck Rodriguez,14509,277.64,SP,485.6,-207.96,-23.584
Wilmer Flores,5827,448.18,1B,656.52,-208.34,-23.627
Jose Martinez,7996,372.7,OF,581.32,-208.62,-23.659
Tyson Ross,7872,276.74,SP,485.6,-208.86,-23.686
Jake Bauers,15194,372.16,OF,581.32,-209.16,-23.72
Connor Sadzeck,13483,72.2,RP,281.76,-209.56,-23.766
Jesus Sucre,5942,76.2,C,285.86,-209.66,-23.777
Elvis Luciano,20632,72.04,RP,281.76,-209.72,-23.784
Ryan Zimmerman,4220,446.06,1B,656.52,-210.46,-23.868
Ryan Dull,13974,70.73,RP,281.76,-211.03,-23.932
Daniel Stumpf,13780,70.3,RP,281.76,-211.46,-23.981
Ian Desmond,6885,369.86,OF,581.32,-211.46,-23.981
Josh Naylor,18839,369.76,OF,581.32,-211.56,-23.992
Tim Federowicz,8609,73.8,C,285.86,-212.06,-24.049
Chasen Bradford,12452,69.09,RP,281.76,-212.67,-24.118
Tyler Thornburg,10688,68.4,RP,281.76,-213.36,-24.197
Jesus Tinoco,16300,68.28,RP,281.76,-213.48,-24.21
Pat Neshek,4682,68.03,RP,281.76,-213.73,-24.239
Brock Burke,17968,270.71,SP,485.6,-214.89,-24.37
Erik Kratz,4403,70.6,C,285.86,-215.26,-24.412
Reed Garrett,16866,66.24,RP,281.76,-215.52,-24.442
Cameron Maybin,5223,364.72,OF,581.32,-216.6,-24.564
Tommy Edman,19470,579.0,3B,796.44,-217.44,-24.659
Kyle Lewis,19508,363.14,OF,581.32,-218.18,-24.743
Jaime Barria,18356,267.22,SP,485.6,-218.38,-24.766
Jeff Hoffman,17432,266.38,SP,485.6,-219.22,-24.861
Hector Santiago,4026,62.32,RP,281.76,-219.44,-24.886
Matt Carasiti,13276,61.87,RP,281.76,-219.89,-24.937
David Fletcher,17992,576.52,3B,796.44,-219.92,-24.941
Matthew Festa,19330,61.57,RP,281.76,-220.19,-24.971
Tyler Naquin,13359,360.82,OF,581.32,-220.5,-25.006
Mike Dunn,9948,61.12,RP,281.76,-220.64,-25.022
Brock Holt,9345,372.16,2B,593.2,-221.04,-25.068
Austin Nola,15941,371.74,2B,593.2,-221.46,-25.115
Todd Frazier,785,574.02,3B,796.44,-222.42,-25.224
Travis d'Arnaud,7739,433.02,1B,656.52,-223.5,-25.347
Ryan Burr,17536,57.91,RP,281.76,-223.85,-25.386
Blake Swihart,13176,61.2,C,285.86,-224.66,-25.478
Albert Pujols,1177,431.62,1B,656.52,-224.9,-25.505
Clay Buchholz,3543,259.26,SP,485.6,-226.34,-25.669
Enrique Hernandez,10472,354.18,OF,581.32,-227.14,-25.759
Jay Bruce,9892,352.08,OF,581.32,-229.24,-25.997
Ronald Guzman,14388,426.96,1B,656.52,-229.56,-26.034
Asher Wojciechowski,10836,254.52,SP,485.6,-231.08,-26.206
Travis Bergen,18581,50.36,RP,281.76,-231.4,-26.242
Anthony Bemboom,13854,52.0,C,285.86,-233.86,-26.521
Jose Osuna,12937,345.6,OF,581.32,-235.72,-26.732
Hanser Alberto,11902,558.66,3B,796.44,-237.78,-26.966
Hunter Pence,8252,343.48,OF,581.32,-237.84,-26.973
Enrique Hernandez,10472,354.18,SS,593.2,-239.02,-27.107
Enrique Hernandez,10472,354.18,2B,593.2,-239.02,-27.107
Colin Moran,16909,555.46,3B,796.44,-240.98,-27.329
Phillip Ervin,14738,338.84,OF,581.32,-242.48,-27.499
Johan Camargo,14950,338.54,OF,581.32,-242.78,-27.533
Zac Rosscup,9419,38.17,RP,281.76,-243.59,-27.625
Seth Brown,18171,337.52,OF,581.32,-243.8,-27.649
Nico Hoerner,21479,348.44,SS,593.2,-244.76,-27.758
Aaron Sanchez,11490,239.94,SP,485.6,-245.66,-27.86
Nathaniel Lowe,19566,410.76,1B,656.52,-245.76,-27.871
Bobby Wilson,6564,39.7,C,285.86,-246.16,-27.916
Jarrod Dyson,4866,335.12,OF,581.32,-246.2,-27.921
Daniel Mengden,16980,239.08,SP,485.6,-246.52,-27.957
Michael Lorenzen,14843,35.13,RP,281.76,-246.63,-27.97
Jeimer Candelario,13621,549.54,3B,796.44,-246.9,-28.0
Brandon Drury,11615,407.92,1B,656.52,-248.6,-28.193
Matt Joyce,3353,331.92,OF,581.32,-249.4,-28.284
Clayton Richard,3551,236.2,SP,485.6,-249.4,-28.284
Jesus Aguilar,11342,406.2,1B,656.52,-250.32,-28.388
David Bote,14593,342.8,2B,593.2,-250.4,-28.397
Albert Almora Jr.,14109,329.54,OF,581.32,-251.78,-28.554
Adam Haseley,19878,328.66,OF,581.32,-252.66,-28.653
Austin Dean,18288,328.62,OF,581.32,-252.7,-28.658
Brian Johnson,14272,231.93,SP,485.6,-253.67,-28.768
Johan Camargo,14950,338.54,SS,593.2,-254.66,-28.88
Touki Toussaint,16929,230.36,SP,485.6,-255.24,-28.946
Rio Ruiz,14103,398.8,1B,656.52,-257.72,-29.227
Yolmer Sanchez,11602,335.1,2B,593.2,-258.1,-29.27
Robbie Erlin,10354,224.98,SP,485.6,-260.62,-29.556
Josh VanMeter,15170,395.12,1B,656.52,-261.4,-29.645
Asdrubal Cabrera,4962,534.92,3B,796.44,-261.52,-29.658
Robert Dugger,19191,221.68,SP,485.6,-263.92,-29.93
Felix Hernandez,4772,221.02,SP,485.6,-264.58,-30.005
Joe Panik,11936,327.94,2B,593.2,-265.26,-30.082
Erick Fedde,17425,219.42,SP,485.6,-266.18,-30.187
Jake Lamb,13329,389.72,1B,656.52,-266.8,-30.257
Glenn Sparkman,15200,218.08,SP,485.6,-267.52,-30.339
Adam Plutko,15846,216.06,SP,485.6,-269.54,-30.568
Wilmer Difo,14320,320.88,SS,593.2,-272.32,-30.883
Chad Pinder,15191,307.16,OF,581.32,-274.16,-31.092
Adam Engel,15082,306.82,OF,581.32,-274.5,-31.13
Matt Grace,11449,6.8,RP,281.76,-274.96,-31.182
Daniel Ponce de Leon,16110,208.64,SP,485.6,-276.96,-31.409
Jordy Mercer,6547,316.18,2B,593.2,-277.02,-31.416
Jordy Mercer,6547,316.18,SS,593.2,-277.02,-31.416
Gerardo Parra,8553,378.1,1B,656.52,-278.42,-31.575
Jon Berti,12037,302.0,OF,581.32,-279.32,-31.677
Joey Wendle,13853,311.16,SS,593.2,-282.04,-31.985
Joey Wendle,13853,311.16,2B,593.2,-282.04,-31.985
Russell Martin,4616,3.5,C,285.86,-282.36,-32.022
Jake Bauers,15194,372.16,1B,656.52,-284.36,-32.248
Brock Holt,9345,372.16,1B,656.52,-284.36,-32.248
Austin Nola,15941,371.74,1B,656.52,-284.78,-32.296
Greg Allen,16623,296.06,OF,581.32,-285.26,-32.351
Matt Harvey,11713,199.64,SP,485.6,-285.96,-32.43
Adam Duvall,10950,295.3,OF,581.32,-286.02,-32.437
Chad Pinder,15191,307.16,2B,593.2,-286.04,-32.439
Bubba Starling,13356,295.02,OF,581.32,-286.3,-32.468
Derek Holland,4141,198.02,SP,485.6,-287.58,-32.614
Chad Bettis,10587,195.94,SP,485.6,-289.66,-32.85
Cory Spangenberg,12294,302.2,2B,593.2,-291.0,-33.002
Jon Berti,12037,302.0,SS,593.2,-291.2,-33.024
Caleb Joseph,7087,-5.68,C,285.86,-291.54,-33.063
Dwight Smith Jr.,13473,288.34,OF,581.32,-292.98,-33.226
Wade LeBlanc,5221,189.98,SP,485.6,-295.62,-33.525
Dominic Smith,15653,283.66,OF,581.32,-297.66,-33.757
Austin Slater,16153,281.58,OF,581.32,-299.74,-33.993
Travis Demeritte,15958,279.9,OF,581.32,-301.42,-34.183
Jerad Eickhoff,12664,183.98,SP,485.6,-301.62,-34.206
Marwin Gonzalez,5497,493.7,3B,796.44,-302.74,-34.333
Jeremy Hellickson,4371,181.81,SP,485.6,-303.79,-34.452
Addison Russell,14106,289.22,2B,593.2,-303.98,-34.474
Addison Russell,14106,289.22,SS,593.2,-303.98,-34.474
Jay Bruce,9892,352.08,1B,656.52,-304.44,-34.526
Tommy La Stella,12371,490.94,3B,796.44,-305.5,-34.646
Delino DeShields,11379,275.1,OF,581.32,-306.22,-34.728
Ben Zobrist,7435,272.62,OF,581.32,-308.7,-35.009
Tim Locastro,15124,272.58,OF,581.32,-308.74,-35.013
Jose Osuna,12937,345.6,1B,656.52,-310.92,-35.261
Howie Kendrick,4229,484.88,3B,796.44,-311.56,-35.333
Maikel Franco,12179,484.78,3B,796.44,-311.66,-35.345
Tim Beckham,7949,265.32,OF,581.32,-316.0,-35.837
Ben Gamel,12160,264.14,OF,581.32,-317.18,-35.971
Brandon Dixon,15214,262.62,OF,581.32,-318.7,-36.143
A.J. Cole,11467,166.76,SP,485.6,-318.84,-36.159
Ben Zobrist,7435,272.62,2B,593.2,-320.58,-36.356
Tyler Saladino,10807,269.63,SS,593.2,-323.57,-36.695
Chi Chi Gonzalez,14663,160.44,SP,485.6,-325.16,-36.876
Tim Beckham,7949,265.32,2B,593.2,-327.88,-37.184
Tim Beckham,7949,265.32,SS,593.2,-327.88,-37.184
Magneuris Sierra,17023,253.42,OF,581.32,-327.9,-37.186
Billy McKinney,15654,253.18,OF,581.32,-328.14,-37.213
Clint Frazier,15983,251.58,OF,581.32,-329.74,-37.395
Marco Hernandez,13154,262.6,2B,593.2,-330.6,-37.492
Ross Detwiler,2859,154.25,SP,485.6,-331.35,-37.577
Carson Fulmer,18311,153.8,SP,485.6,-331.8,-37.629
Steven Duggar,17719,249.08,OF,581.32,-332.24,-37.678
Hector Velazquez,19341,152.72,SP,485.6,-332.88,-37.751
Jaylin Davis,19552,247.74,OF,581.32,-333.58,-37.83
Sam Travis,16263,246.0,OF,581.32,-335.32,-38.028
Ildemaro Vargas,13324,257.58,2B,593.2,-335.62,-38.062
Donovan Solano,8623,257.14,SS,593.2,-336.06,-38.112
Donovan Solano,8623,257.14,2B,593.2,-336.06,-38.112
Socrates Brito,12944,244.6,OF,581.32,-336.72,-38.186
Nick Martini,12005,244.22,OF,581.32,-337.1,-38.23
Matt Beaty,17710,244.2,OF,581.32,-337.12,-38.232
Harold Castro,14691,243.54,OF,581.32,-337.78,-38.307
Daniel Palka,14897,243.22,OF,581.32,-338.1,-38.343
Shelby Miller,10197,145.62,SP,485.6,-339.98,-38.556
Dario Agrazal,15821,144.4,SP,485.6,-341.2,-38.695
Jon Jay,5227,238.52,OF,581.32,-342.8,-38.876
Victor Caratini,14968,312.44,1B,656.52,-344.08,-39.021
Brad Miller,12775,236.8,OF,581.32,-344.52,-39.071
Ariel Jurado,17030,138.34,SP,485.6,-347.26,-39.382
Justin Bour,9744,308.77,1B,656.52,-347.75,-39.437
Ronny Rodriguez,11875,245.18,SS,593.2,-348.02,-39.468
Ronny Rodriguez,11875,245.18,2B,593.2,-348.02,-39.468
Adeiny Hechavarria,10459,245.12,SS,593.2,-348.08,-39.475
Adeiny Hechavarria,10459,245.12,2B,593.2,-348.08,-39.475
Harold Castro,14691,243.54,2B,593.2,-349.66,-39.654
Pablo Reyes,16357,231.0,OF,581.32,-350.32,-39.729
Tommy Milone,7608,133.88,SP,485.6,-351.72,-39.888
Jake Marisnick,11339,229.54,OF,581.32,-351.78,-39.894
Rafael Ortega,10323,229.08,OF,581.32,-352.24,-39.947
David Hess,16130,132.94,SP,485.6,-352.66,-39.994
Josh Harrison,8202,238.24,2B,593.2,-354.96,-40.255
Leonys Martin,11846,226.13,OF,581.32,-355.19,-40.281
Tony Kemp,14894,226.08,OF,581.32,-355.24,-40.287
Franklin Barreto,15519,237.66,2B,593.2,-355.54,-40.321
Mike Ford,15585,300.54,1B,656.52,-355.98,-40.371
Dillon Peters,18790,129.3,SP,485.6,-356.3,-40.407
Brad Miller,12775,236.8,2B,593.2,-356.4,-40.418
Jace Peterson,12325,223.25,OF,581.32,-358.07,-40.608
Derek Dietrich,10542,221.17,OF,581.32,-360.15,-40.844
Guillermo Heredia,18721,220.84,OF,581.32,-360.48,-40.881
Billy Hamilton,10199,220.6,OF,581.32,-360.72,-40.908
Yairo Munoz,16313,219.56,OF,581.32,-361.76,-41.026
Jonathan Davis,15104,218.72,OF,581.32,-362.6,-41.121
Aledmys Diaz,15937,229.92,2B,593.2,-363.28,-41.199
Richie Martin Jr.,17736,229.92,SS,593.2,-363.28,-41.199
Neil Walker,7539,292.3,1B,656.52,-364.22,-41.305
Jake Cave,14477,216.96,OF,581.32,-364.36,-41.321
Juan Lagares,5384,216.48,OF,581.32,-364.84,-41.376
Ty France,17982,228.1,2B,593.2,-365.1,-41.405
Tony Kemp,14894,226.08,2B,593.2,-367.12,-41.634
Jake Fraley,19260,212.94,OF,581.32,-368.38,-41.777
Corban Joseph,5503,223.7,2B,593.2,-369.5,-41.904
Derek Dietrich,10542,221.17,2B,593.2,-372.03,-42.191
Dominic Smith,15653,283.66,1B,656.52,-372.86,-42.285
Greg Garcia,10951,219.94,2B,593.2,-373.26,-42.33
Yairo Munoz,16313,219.56,SS,593.2,-373.64,-42.373
Tyler Wade,15730,206.32,OF,581.32,-375.0,-42.528
Erik Gonzalez,13369,217.04,SS,593.2,-376.16,-42.659
Robbie Grossman,5254,202.42,OF,581.32,-378.9,-42.97
Michael Brosseau,19683,213.86,2B,593.2,-379.34,-43.02
Edwin Jackson,1841,105.62,SP,485.6,-379.98,-43.092
Matt Adams,9393,274.04,1B,656.52,-382.48,-43.376
Carlos Gonzalez,7287,198.54,OF,581.32,-382.78,-43.41
Carlos Gomez,4881,198.53,OF,581.32,-382.79,-43.411
Tyler Wade,15730,206.32,2B,593.2,-386.88,-43.875
Chris Owings,10030,193.36,OF,581.32,-387.96,-43.997
Logan Forsythe,7185,204.76,2B,593.2,-388.44,-44.052
Logan Forsythe,7185,204.76,SS,593.2,-388.44,-44.052
Brandon Drury,11615,407.92,3B,796.44,-388.52,-44.061
J.T. Riddle,17642,191.94,OF,581.32,-389.38,-44.159
Hernan Perez,5751,201.22,2B,593.2,-391.98,-44.453
Hernan Perez,5751,201.22,SS,593.2,-391.98,-44.453
Luis Rengifo,19858,199.36,SS,593.2,-393.84,-44.664
Luis Rengifo,19858,199.36,2B,593.2,-393.84,-44.664
Brandon Dixon,15214,262.62,1B,656.52,-393.9,-44.671
Sheldon Neuse,19635,198.96,2B,593.2,-394.24,-44.71
Willians Astudillo,15608,260.68,1B,656.52,-395.84,-44.891
Lane Thomas,16939,184.88,OF,581.32,-396.44,-44.959
Mikie Mahtook,13130,183.8,OF,581.32,-397.52,-45.082
Kristopher Negron,5306,183.8,OF,581.32,-397.52,-45.082
Rio Ruiz,14103,398.8,3B,796.44,-397.64,-45.095
Michael A. Taylor,11489,183.1,OF,581.32,-398.22,-45.161
Eduardo Nunez,6848,194.7,2B,593.2,-398.5,-45.193
Brendan McKay,20186,87.07,SP,485.6,-398.53,-45.196
Dustin Peterson,15189,182.65,OF,581.32,-398.67,-45.212
Chris Davis,9272,257.58,1B,656.52,-398.94,-45.243
Peter O'Brien,13288,182.1,OF,581.32,-399.22,-45.274
Chris Owings,10030,193.36,SS,593.2,-399.84,-45.345
Chris Owings,10030,193.36,2B,593.2,-399.84,-45.345
Scott Heineman,14453,181.44,OF,581.32,-399.88,-45.349
Mason Williams,11859,180.23,OF,581.32,-401.09,-45.487
J.T. Riddle,17642,191.94,SS,593.2,-401.26,-45.506
Yonder Alonso,2530,252.46,1B,656.52,-404.06,-45.823
Jake Lamb,13329,389.72,3B,796.44,-406.72,-46.125
Myles Straw,17620,174.58,OF,581.32,-406.74,-46.127
Roman Quinn,13546,172.74,OF,581.32,-408.58,-46.336
Jason Martin,16429,172.08,OF,581.32,-409.24,-46.411
Ehire Adrianza,8418,183.96,2B,593.2,-409.24,-46.411
Ehire Adrianza,8418,183.96,SS,593.2,-409.24,-46.411
Ryon Healy,15447,246.6,1B,656.52,-409.92,-46.488
Sam Travis,16263,246.0,1B,656.52,-410.52,-46.556
Ronny Rodriguez,11875,245.18,1B,656.52,-411.34,-46.649
Cole Tucker,17326,181.38,SS,593.2,-411.82,-46.703
Matt Beaty,17710,244.2,1B,656.52,-412.32,-46.76
Jose Rondon,14140,179.05,SS,593.2,-414.15,-46.968
Jose Rondon,14140,179.05,2B,593.2,-414.15,-46.968
Cheslor Cuthbert,10473,240.7,1B,656.52,-415.82,-47.157
Curtis Granderson,4747,164.0,OF,581.32,-417.32,-47.327
Myles Straw,17620,174.58,SS,593.2,-418.62,-47.475
Mike Freeman,11241,173.24,2B,593.2,-419.96,-47.627
Mike Freeman,11241,173.24,SS,593.2,-419.96,-47.627
Aaron Hicks,5297,160.26,OF,581.32,-421.06,-47.751
Rosell Herrera,11611,160.1,OF,581.32,-421.22,-47.769
Brendan Rodgers,17907,169.12,2B,593.2,-424.08,-48.094
Cedric Mullins II,17929,155.94,OF,581.32,-425.38,-48.241
Aledmys Diaz,15937,229.92,1B,656.52,-426.6,-48.38
Daniel Robertson,14145,165.24,SS,593.2,-427.96,-48.534
Daniel Robertson,14145,165.24,2B,593.2,-427.96,-48.534
Ryan LaMarre,10700,153.3,OF,581.32,-428.02,-48.541
Kendrys Morales,8610,227.7,1B,656.52,-428.82,-48.631
Matt Kemp,5631,152.02,OF,581.32,-429.3,-48.686
Kevin Kramer,17689,150.96,OF,581.32,-430.36,-48.806
Richard Urena,16411,162.72,SS,593.2,-430.48,-48.82
Richard Urena,16411,162.72,2B,593.2,-430.48,-48.82
Tyler Austin,11850,150.07,OF,581.32,-431.25,-48.907
Lucas Duda,2502,225.14,1B,656.52,-431.38,-48.922
Yonathan Daza,15794,149.64,OF,581.32,-431.68,-48.956
Jung Ho Kang,17182,161.36,SS,593.2,-431.84,-48.974
Wilfredo Tovar,10416,158.15,SS,593.2,-435.05,-49.338
Derek Dietrich,10542,221.17,1B,656.52,-435.35,-49.372
Steve Wilkerson,16041,141.62,OF,581.32,-439.7,-49.865
Dylan Moore,18042,139.92,OF,581.32,-441.4,-50.058
Eric Stamets,13795,150.5,SS,593.2,-442.7,-50.205
Aaron Altherr,11270,138.5,OF,581.32,-442.82,-50.219
Michael Hermosillo,16285,137.86,OF,581.32,-443.46,-50.292
Keon Broxton,9253,136.54,OF,581.32,-444.78,-50.441
Charlie Culberson,3298,136.48,OF,581.32,-444.84,-50.448
Taylor Ward,17548,136.36,OF,581.32,-444.96,-50.462
Josh Fuentes,16885,211.46,1B,656.52,-445.06,-50.473
Kevin Cron,16211,210.62,1B,656.52,-445.9,-50.568
Gorkys Hernandez,4146,134.6,OF,581.32,-446.72,-50.661
Matt Thaiss,19318,209.4,1B,656.52,-447.12,-50.707
Nick Williams,14330,132.76,OF,581.32,-448.56,-50.87
Matt Skole,12119,206.2,1B,656.52,-450.32,-51.07
Joey Rickard,13277,130.8,OF,581.32,-450.52,-51.092
Jose Osuna,12937,345.6,3B,796.44,-450.84,-51.129
Steve Wilkerson,16041,141.62,2B,593.2,-451.58,-51.212
Logan Forsythe,7185,204.76,1B,656.52,-451.76,-51.233
Cesar Puello,7216,129.2,OF,581.32,-452.12,-51.274
Dawel Lugo,14713,343.96,3B,796.44,-452.48,-51.315
Dylan Moore,18042,139.92,2B,593.2,-453.28,-51.405
Dylan Moore,18042,139.92,SS,593.2,-453.28,-51.405
Thairo Estrada,16426,139.58,2B,593.2,-453.62,-51.444
David Bote,14593,342.8,3B,796.44,-453.64,-51.446
Isaac Galloway,5238,127.05,OF,581.32,-454.27,-51.518
Mark Reynolds,7619,201.48,1B,656.52,-455.04,-51.605
Scott Schebler,12225,125.25,OF,581.32,-456.07,-51.722
Daniel Descalso,8392,136.68,2B,593.2,-456.52,-51.773
Charlie Culberson,3298,136.48,SS,593.2,-456.72,-51.795
LaMonte Wade,18126,123.66,OF,581.32,-457.66,-51.902
Johan Camargo,14950,338.54,3B,796.44,-457.9,-51.929
Kyle Farmer,14813,134.9,2B,593.2,-458.3,-51.975
Ian Kinsler,6195,131.43,2B,593.2,-461.77,-52.368
Tim Lopes,14137,119.54,OF,581.32,-461.78,-52.369
Peter Bourjos,2578,117.7,OF,581.32,-463.62,-52.578
Breyvic Valera,12758,129.5,2B,593.2,-463.7,-52.587
Brian O'Grady,16729,116.3,OF,581.32,-465.02,-52.737
Erick Mejia,15817,114.94,OF,581.32,-466.38,-52.891
Ryan Goins,9807,125.03,SS,593.2,-468.17,-53.094
Mac Williamson,14158,112.07,OF,581.32,-469.25,-53.216
Zack Cozart,2616,325.34,3B,796.44,-471.1,-53.426
Tyler White,15564,185.3,1B,656.52,-471.22,-53.44
Gordon Beckham,9015,121.72,2B,593.2,-471.48,-53.469
Gordon Beckham,9015,121.72,SS,593.2,-471.48,-53.469
Ehire Adrianza,8418,183.96,1B,656.52,-472.56,-53.592
Abraham Almonte,5486,107.82,OF,581.32,-473.5,-53.698
Robel Garcia,13167,116.44,2B,593.2,-476.76,-54.068
Yangervis Solarte,5352,116.35,2B,593.2,-476.85,-54.078
Kyle Garlick,18063,103.22,OF,581.32,-478.1,-54.22
Sean Rodriguez,6589,112.9,SS,593.2,-480.3,-54.47
Jack Mayfield,15402,109.52,SS,593.2,-483.68,-54.853
Joey Wendle,13853,311.16,3B,796.44,-485.28,-55.034
Ryan Cordell,15181,93.3,OF,581.32,-488.02,-55.345
Steve Pearce,9957,167.26,1B,656.52,-489.26,-55.486
Chad Pinder,15191,307.16,3B,796.44,-489.28,-55.488
Jedd Gyorko,10816,306.66,3B,796.44,-489.78,-55.545
Pat Valaika,14885,102.52,2B,593.2,-490.68,-55.647
Braden Bishop,17806,89.88,OF,581.32,-491.44,-55.733
Jon Berti,12037,302.0,3B,796.44,-494.44,-56.073
Charlie Tilson,12983,86.62,OF,581.32,-494.7,-56.103
Martin Prado,3312,160.07,1B,656.52,-496.45,-56.301
Jared Walsh,18607,159.6,1B,656.52,-496.92,-56.354
Rajai Davis,3708,81.45,OF,581.32,-499.87,-56.689
Alen Hanson,12926,90.27,2B,593.2,-502.93,-57.036
Humberto Arteaga,13595,89.35,SS,593.2,-503.85,-57.14
Neil Walker,7539,292.3,3B,796.44,-504.14,-57.173
Nicky Delmonico,13157,77.03,OF,581.32,-504.29,-57.19
Tyler Austin,11850,150.07,1B,656.52,-506.45,-57.435
Greg Bird,14131,148.74,1B,656.52,-507.78,-57.586
Blake Swihart,13176,61.2,OF,581.32,-520.12,-58.985
Kyle Farmer,14813,134.9,1B,656.52,-521.62,-59.155
David Freese,9549,130.6,1B,656.52,-525.92,-59.643
Edwin Rios,18316,126.06,1B,656.52,-530.46,-60.158
Tim Beckham,7949,265.32,3B,796.44,-531.12,-60.233
John Hicks,12547,122.77,1B,656.52,-533.75,-60.531
Terrance Gore,13658,45.73,OF,581.32,-535.59,-60.74
Willians Astudillo,15608,260.68,3B,796.44,-535.76,-60.759
Ildemaro Vargas,13324,257.58,3B,796.44,-538.86,-61.111
Matt Duffy,13836,247.74,3B,796.44,-548.7,-62.227
Ryon Healy,15447,246.6,3B,796.44,-549.84,-62.356
Adeiny Hechavarria,10459,245.12,3B,796.44,-551.32,-62.524
Matt Beaty,17710,244.2,3B,796.44,-552.24,-62.628
Harold Castro,14691,243.54,3B,796.44,-552.9,-62.703
Cheslor Cuthbert,10473,240.7,3B,796.44,-555.74,-63.025
Brad Miller,12775,236.8,3B,796.44,-559.64,-63.467
Pablo Sandoval,5409,93.3,1B,656.52,-563.22,-63.873
Aledmys Diaz,15937,229.92,3B,796.44,-566.52,-64.247
Ty France,17982,228.1,3B,796.44,-568.34,-64.454
Steve Wilkerson,16041,8.5,OF,581.32,-572.82,-64.962
Jace Peterson,12325,223.25,3B,796.44,-573.19,-65.004
Greg Garcia,10951,219.94,3B,796.44,-576.5,-65.379
Yairo Munoz,16313,219.56,3B,796.44,-576.88,-65.422
Erik Gonzalez,13369,217.04,3B,796.44,-579.4,-65.708
Christian Arroyo,16434,216.7,3B,796.44,-579.74,-65.747
Michael Brosseau,19683,213.86,3B,796.44,-582.58,-66.069
Steve Wilkerson,16041,8.5,2B,593.2,-584.7,-66.309
Matt Thaiss,19318,209.4,3B,796.44,-587.04,-66.575
Logan Forsythe,7185,204.76,3B,796.44,-591.68,-67.101
Hernan Perez,5751,201.22,3B,796.44,-595.22,-67.502
Eduardo Nunez,6848,194.7,3B,796.44,-601.74,-68.242
Chris Owings,10030,193.36,3B,796.44,-603.08,-68.394
Abraham Toro,19844,192.8,3B,796.44,-603.64,-68.457
Jared Walsh,18607,44.48,1B,656.52,-612.04,-69.41
Ehire Adrianza,8418,183.96,3B,796.44,-612.48,-69.46
Jose Rondon,14140,179.05,3B,796.44,-617.39,-70.017
Mike Freeman,11241,173.24,3B,796.44,-623.2,-70.675
Daniel Robertson,14145,165.24,3B,796.44,-631.2,-71.583
Ryan Flaherty,7888,163.93,3B,796.44,-632.51,-71.731
Jung Ho Kang,17182,161.36,3B,796.44,-635.08,-72.023
Martin Prado,3312,160.07,3B,796.44,-636.37,-72.169
Dylan Moore,18042,139.92,3B,796.44,-656.52,-74.454
Kyle Farmer,14813,134.9,3B,796.44,-661.54,-75.023
Isiah Kiner-Falefa,16512,128.14,3B,796.44,-668.3,-75.79
Ryan Goins,9807,125.03,3B,796.44,-671.41,-76.143
Tyler White,15564,-23.18,1B,656.52,-679.7,-77.083
Sean Rodriguez,6589,112.9,3B,796.44,-683.54,-77.518
Yu-Cheng Chang,14773,111.9,3B,796.44,-684.54,-77.632
Kelvin Gutierrez,17468,100.52,3B,796.44,-695.92,-78.922
Pablo Sandoval,5409,93.3,3B,796.44,-703.14,-79.741
